timestamp,chiller_kw,cooling_load_rt,kwrt,wet_bulb_c,chilled_water_supply_c,condenser_water_return_c
2026-09-19T00:00:00+08:00,309.58,525.6,0.589,24.48,6.76,31.87
2026-09-19T00:15:00+08:00,295.97,511.8,0.5783,23.86,6.79,32.27
2026-09-19T00:30:00+08:00,296.11,500.7,0.5914,24.08,6.79,32.16
2026-09-19T00:45:00+08:00,304.33,523.0,0.5819,24.29,6.9,32.14
2026-09-19T01:00:00+08:00,305.76,520.8,0.5871,24.43,6.91,32.06
2026-09-19T01:15:00+08:00,298.88,510.9,0.585,23.25,6.86,32.18
2026-09-19T01:30:00+08:00,309.5,530.6,0.5833,23.65,6.77,32.09
2026-09-19T01:45:00+08:00,306.84,529.3,0.5797,24.36,6.85,32.35
2026-09-19T02:00:00+08:00,303.83,518.4,0.5861,23.74,6.81,32.0
2026-09-19T02:15:00+08:00,307.26,519.1,0.5919,23.64,6.71,31.9
2026-09-19T02:30:00+08:00,303.57,517.5,0.5866,23.49,6.9,31.95
2026-09-19T02:45:00+08:00,308.04,523.7,0.5882,23.54,6.88,31.91
2026-09-19T03:00:00+08:00,310.75,526.6,0.5901,24.36,6.91,32.26
2026-09-19T03:15:00+08:00,309.17,528.4,0.5851,23.79,6.56,31.97
2026-09-19T03:30:00+08:00,296.66,505.9,0.5864,23.16,6.9,31.69
2026-09-19T03:45:00+08:00,315.62,532.6,0.5926,23.81,6.73,31.84
2026-09-19T04:00:00+08:00,300.07,508.6,0.59,23.53,6.86,31.78
2026-09-19T04:15:00+08:00,310.41,525.5,0.5907,23.53,6.88,31.84
2026-09-19T04:30:00+08:00,316.19,532.4,0.5939,23.14,6.85,32.14
2026-09-19T04:45:00+08:00,298.27,504.0,0.5918,23.71,6.84,32.09
2026-09-19T05:00:00+08:00,302.22,512.5,0.5897,23.95,6.8,31.58
2026-09-19T05:15:00+08:00,302.22,502.7,0.6012,23.83,6.83,31.8
2026-09-19T05:30:00+08:00,321.87,532.9,0.604,23.48,6.94,32.21
2026-09-19T05:45:00+08:00,313.18,526.7,0.5946,23.88,6.75,32.31
2026-09-19T06:00:00+08:00,298.78,500.3,0.5972,24.03,6.75,32.2
2026-09-19T06:15:00+08:00,318.59,527.9,0.6035,23.73,6.85,32.08
2026-09-19T06:30:00+08:00,350.4,580.9,0.6032,24.59,6.87,31.99
2026-09-19T06:45:00+08:00,360.65,587.0,0.6144,24.64,6.73,31.8
2026-09-19T07:00:00+08:00,364.54,597.6,0.61,24.47,6.84,32.28
2026-09-19T07:15:00+08:00,389.2,634.8,0.6131,24.83,6.84,32.06
2026-09-19T07:30:00+08:00,417.5,672.2,0.6211,24.36,6.84,32.27
2026-09-19T07:45:00+08:00,402.03,651.8,0.6168,24.9,6.75,32.11
2026-09-19T08:00:00+08:00,431.91,694.5,0.6219,24.69,6.8,32.21
2026-09-19T08:15:00+08:00,424.76,682.9,0.622,25.03,6.75,31.92
2026-09-19T08:30:00+08:00,445.36,702.9,0.6336,25.42,6.66,31.79
2026-09-19T08:45:00+08:00,465.76,734.4,0.6342,25.04,6.77,32.18
2026-09-19T09:00:00+08:00,465.27,737.7,0.6307,26.12,6.82,32.06
2026-09-19T09:15:00+08:00,487.92,778.8,0.6265,25.56,6.71,32.17
2026-09-19T09:30:00+08:00,502.36,794.0,0.6327,25.87,6.75,32.24
2026-09-19T09:45:00+08:00,498.68,776.4,0.6423,25.8,6.73,31.98
2026-09-19T10:00:00+08:00,516.65,805.5,0.6414,25.81,6.71,32.1
2026-09-19T10:15:00+08:00,520.66,814.8,0.639,25.81,6.77,32.17
2026-09-19T10:30:00+08:00,514.64,790.9,0.6507,25.63,6.76,31.89
2026-09-19T10:45:00+08:00,547.17,840.5,0.651,26.57,6.84,31.88
2026-09-19T11:00:00+08:00,560.62,860.9,0.6512,26.92,6.89,32.25
2026-09-19T11:15:00+08:00,541.41,830.9,0.6516,26.28,6.9,31.94
2026-09-19T11:30:00+08:00,550.97,844.4,0.6525,26.54,6.73,31.86
2026-09-19T11:45:00+08:00,556.0,851.2,0.6532,26.63,6.82,32.42
2026-09-19T12:00:00+08:00,561.44,855.6,0.6562,26.47,6.78,31.85
2026-09-19T12:15:00+08:00,570.32,868.2,0.6569,26.85,6.84,31.99
2026-09-19T12:30:00+08:00,561.92,862.1,0.6518,26.6,6.8,31.76
2026-09-19T12:45:00+08:00,558.65,839.7,0.6653,26.67,6.82,31.99
2026-09-19T13:00:00+08:00,550.19,827.1,0.6652,27.67,6.91,31.87
2026-09-19T13:15:00+08:00,559.6,848.0,0.6599,26.82,6.89,32.15
2026-09-19T13:30:00+08:00,549.54,839.5,0.6546,27.37,6.83,32.01
2026-09-19T13:45:00+08:00,556.28,841.7,0.6609,27.01,6.84,32.24
2026-09-19T14:00:00+08:00,523.64,800.3,0.6543,27.23,6.86,31.64
2026-09-19T14:15:00+08:00,531.62,805.0,0.6604,26.84,6.93,32.18
2026-09-19T14:30:00+08:00,519.25,789.5,0.6577,27.45,6.92,32.26
2026-09-19T14:45:00+08:00,503.72,772.7,0.6519,27.29,6.9,32.36
2026-09-19T15:00:00+08:00,485.28,743.5,0.6527,27.18,6.93,32.09
2026-09-19T15:15:00+08:00,490.07,742.3,0.6602,27.24,6.89,32.2
2026-09-19T15:30:00+08:00,472.81,719.0,0.6576,27.07,6.84,31.71
2026-09-19T15:45:00+08:00,459.11,697.1,0.6586,27.7,6.78,31.8
2026-09-19T16:00:00+08:00,454.68,690.9,0.6581,27.16,6.85,31.82
2026-09-19T16:15:00+08:00,427.52,654.9,0.6528,27.01,6.78,31.75
2026-09-19T16:30:00+08:00,428.22,650.1,0.6587,26.97,6.81,31.72
2026-09-19T16:45:00+08:00,416.18,638.9,0.6514,27.75,6.84,31.79
2026-09-19T17:00:00+08:00,409.11,624.4,0.6552,26.9,6.93,32.12
2026-09-19T17:15:00+08:00,386.24,595.5,0.6486,26.83,6.83,32.23
2026-09-19T17:30:00+08:00,353.64,548.7,0.6445,26.46,6.62,32.27
2026-09-19T17:45:00+08:00,354.68,553.5,0.6408,27.15,6.73,32.24
2026-09-19T18:00:00+08:00,334.94,518.4,0.6461,26.47,6.91,32.23
2026-09-19T18:15:00+08:00,330.9,515.9,0.6414,26.77,6.92,32.13
2026-09-19T18:30:00+08:00,335.34,519.9,0.645,26.35,6.87,31.53
2026-09-19T18:45:00+08:00,330.61,520.4,0.6353,25.88,6.65,31.74
2026-09-19T19:00:00+08:00,338.74,530.2,0.6389,25.95,6.71,32.16
2026-09-19T19:15:00+08:00,330.76,528.8,0.6255,25.97,6.7,32.01
2026-09-19T19:30:00+08:00,314.3,499.6,0.6291,25.54,6.86,32.11
2026-09-19T19:45:00+08:00,332.54,527.5,0.6304,26.2,6.8,32.21
2026-09-19T20:00:00+08:00,334.31,536.1,0.6236,25.84,6.94,31.7
2026-09-19T20:15:00+08:00,303.27,492.4,0.6159,25.84,6.83,32.25
2026-09-19T20:30:00+08:00,320.23,509.6,0.6284,26.03,6.7,32.05
2026-09-19T20:45:00+08:00,319.63,525.7,0.608,25.68,6.83,32.22
2026-09-19T21:00:00+08:00,321.12,524.7,0.612,25.59,6.84,31.99
2026-09-19T21:15:00+08:00,318.97,521.7,0.6114,25.45,7.0,31.74
2026-09-19T21:30:00+08:00,329.8,531.0,0.6211,25.25,6.92,32.17
2026-09-19T21:45:00+08:00,313.1,513.2,0.6101,24.95,6.95,32.25
2026-09-19T22:00:00+08:00,326.21,537.5,0.6069,24.77,6.86,32.01
2026-09-19T22:15:00+08:00,311.05,513.8,0.6054,24.77,6.87,32.24
2026-09-19T22:30:00+08:00,320.23,532.3,0.6016,24.77,6.82,32.29
2026-09-19T22:45:00+08:00,301.82,505.3,0.5973,24.63,6.89,32.05
2026-09-19T23:00:00+08:00,314.6,525.3,0.5989,25.02,6.76,31.84
2026-09-19T23:15:00+08:00,302.5,503.5,0.6008,24.57,6.84,32.27
2026-09-19T23:30:00+08:00,310.49,521.4,0.5955,23.9,6.81,32.1
2026-09-19T23:45:00+08:00,309.54,519.8,0.5955,24.61,6.66,32.31
2026-09-20T00:00:00+08:00,312.47,522.0,0.5986,24.48,6.74,32.2
2026-09-20T00:15:00+08:00,313.13,526.8,0.5944,24.28,6.89,32.22
2026-09-20T00:30:00+08:00,306.02,514.4,0.5949,24.05,6.82,32.12
2026-09-20T00:45:00+08:00,311.56,524.6,0.5939,23.91,6.79,31.93
2026-09-20T01:00:00+08:00,318.7,546.0,0.5837,24.07,6.78,32.12
2026-09-20T01:15:00+08:00,306.89,517.6,0.5929,24.47,6.83,32.36
2026-09-20T01:30:00+08:00,310.68,527.2,0.5893,23.8,6.97,32.17
2026-09-20T01:45:00+08:00,314.26,522.8,0.6011,23.12,6.98,32.44
2026-09-20T02:00:00+08:00,301.52,510.1,0.5911,24.35,6.85,32.18
2026-09-20T02:15:00+08:00,307.26,519.2,0.5918,24.59,6.9,32.13
2026-09-20T02:30:00+08:00,311.61,527.8,0.5904,23.47,6.86,32.06
2026-09-20T02:45:00+08:00,304.71,516.8,0.5896,23.78,6.79,31.96
2026-09-20T03:00:00+08:00,297.99,504.3,0.5909,23.55,6.79,32.24
2026-09-20T03:15:00+08:00,308.8,522.5,0.591,23.77,6.7,32.36
2026-09-20T03:30:00+08:00,307.52,512.7,0.5998,23.35,6.72,31.93
2026-09-20T03:45:00+08:00,324.25,546.7,0.5931,23.74,6.74,32.28
2026-09-20T04:00:00+08:00,303.45,507.1,0.5984,24.22,6.92,32.01
2026-09-20T04:15:00+08:00,310.97,520.1,0.5979,23.81,6.84,32.47
2026-09-20T04:30:00+08:00,307.95,515.4,0.5975,24.18,6.72,32.08
2026-09-20T04:45:00+08:00,306.94,512.0,0.5995,23.43,7.04,32.33
2026-09-20T05:00:00+08:00,322.93,533.6,0.6052,23.82,6.81,32.02
2026-09-20T05:15:00+08:00,307.86,514.3,0.5986,24.01,6.92,31.96
2026-09-20T05:30:00+08:00,328.86,538.5,0.6107,23.59,6.82,31.91
2026-09-20T05:45:00+08:00,304.85,503.3,0.6057,24.05,6.77,32.05
2026-09-20T06:00:00+08:00,311.86,514.2,0.6065,24.38,6.85,32.09
2026-09-20T06:15:00+08:00,330.45,536.7,0.6157,23.69,7.02,32.46
2026-09-20T06:30:00+08:00,347.58,566.0,0.6141,24.52,6.96,31.74
2026-09-20T06:45:00+08:00,359.43,585.2,0.6142,24.73,6.89,32.21
2026-09-20T07:00:00+08:00,386.28,628.4,0.6147,24.71,6.84,31.9
2026-09-20T07:15:00+08:00,397.92,638.2,0.6235,25.21,6.77,32.2
2026-09-20T07:30:00+08:00,395.86,639.0,0.6195,24.79,6.8,32.28
2026-09-20T07:45:00+08:00,426.18,679.5,0.6272,25.22,6.82,32.05
2026-09-20T08:00:00+08:00,427.01,680.5,0.6275,24.91,6.79,32.23
2026-09-20T08:15:00+08:00,456.2,718.2,0.6352,24.77,6.89,32.19
2026-09-20T08:30:00+08:00,445.46,704.5,0.6323,25.59,6.85,31.88
2026-09-20T08:45:00+08:00,453.02,712.3,0.636,25.77,6.86,31.81
2026-09-20T09:00:00+08:00,479.53,744.5,0.6441,25.75,6.8,32.18
2026-09-20T09:15:00+08:00,483.08,753.4,0.6412,25.5,6.91,32.14
2026-09-20T09:30:00+08:00,502.76,779.6,0.6449,25.69,6.98,31.88
2026-09-20T09:45:00+08:00,518.37,802.3,0.6461,26.48,6.8,31.82
2026-09-20T10:00:00+08:00,516.36,796.6,0.6482,25.56,6.86,32.5
2026-09-20T10:15:00+08:00,522.22,809.9,0.6448,26.63,6.84,32.0
2026-09-20T10:30:00+08:00,543.68,838.5,0.6484,26.23,6.9,32.23
2026-09-20T10:45:00+08:00,543.82,826.6,0.6579,25.71,6.87,32.23
2026-09-20T11:00:00+08:00,537.73,828.8,0.6488,26.58,6.82,32.22
2026-09-20T11:15:00+08:00,546.76,834.5,0.6552,26.87,6.91,31.98
2026-09-20T11:30:00+08:00,560.13,845.1,0.6628,26.84,6.77,31.88
2026-09-20T11:45:00+08:00,557.92,843.8,0.6612,26.27,6.82,32.29
2026-09-20T12:00:00+08:00,553.42,835.6,0.6623,26.55,6.95,32.52
2026-09-20T12:15:00+08:00,568.52,853.0,0.6665,26.5,6.77,32.35
2026-09-20T12:30:00+08:00,571.89,852.8,0.6706,27.2,7.04,32.09
2026-09-20T12:45:00+08:00,553.51,830.6,0.6664,27.0,6.71,32.1
2026-09-20T13:00:00+08:00,541.33,812.2,0.6665,27.31,6.83,32.21
2026-09-20T13:15:00+08:00,559.13,833.4,0.6709,27.15,6.97,32.3
2026-09-20T13:30:00+08:00,557.28,835.0,0.6674,27.14,6.76,32.47
2026-09-20T13:45:00+08:00,545.69,814.1,0.6703,27.18,6.98,32.27
2026-09-20T14:00:00+08:00,531.4,796.7,0.667,27.14,6.82,32.28
2026-09-20T14:15:00+08:00,542.33,813.7,0.6665,27.15,6.79,32.2
2026-09-20T14:30:00+08:00,518.18,778.4,0.6657,27.4,6.82,32.13
2026-09-20T14:45:00+08:00,519.13,767.6,0.6763,27.36,6.94,32.09
2026-09-20T15:00:00+08:00,509.89,752.5,0.6776,27.44,6.9,32.0
2026-09-20T15:15:00+08:00,490.66,738.5,0.6644,27.62,6.81,32.2
2026-09-20T15:30:00+08:00,475.21,707.9,0.6713,27.82,6.79,32.42
2026-09-20T15:45:00+08:00,473.61,713.8,0.6635,27.65,6.87,32.07
2026-09-20T16:00:00+08:00,454.32,686.8,0.6615,26.49,7.02,31.97
2026-09-20T16:15:00+08:00,444.95,668.6,0.6655,26.97,7.04,31.79
2026-09-20T16:30:00+08:00,443.72,672.4,0.6599,27.03,6.78,32.26
2026-09-20T16:45:00+08:00,414.58,634.3,0.6536,26.76,6.98,31.9
2026-09-20T17:00:00+08:00,395.55,601.5,0.6576,27.2,6.85,32.2
2026-09-20T17:15:00+08:00,386.88,589.3,0.6565,27.36,6.78,31.85
2026-09-20T17:30:00+08:00,372.66,569.3,0.6546,27.13,6.76,31.98
2026-09-20T17:45:00+08:00,349.27,539.0,0.648,27.18,6.79,32.04
2026-09-20T18:00:00+08:00,335.51,515.7,0.6506,26.82,6.87,32.13
2026-09-20T18:15:00+08:00,349.9,539.3,0.6488,26.75,6.84,32.45
2026-09-20T18:30:00+08:00,316.6,488.2,0.6485,26.62,7.0,32.13
2026-09-20T18:45:00+08:00,331.33,518.6,0.6389,26.44,6.86,32.16
2026-09-20T19:00:00+08:00,329.98,516.8,0.6385,26.22,6.79,32.22
2026-09-20T19:15:00+08:00,327.46,513.1,0.6382,26.46,6.69,32.29
2026-09-20T19:30:00+08:00,331.53,513.6,0.6455,26.08,6.94,32.19
2026-09-20T19:45:00+08:00,332.52,522.5,0.6364,25.93,6.97,32.3
2026-09-20T20:00:00+08:00,323.89,515.1,0.6288,25.44,6.92,32.28
2026-09-20T20:15:00+08:00,319.46,503.0,0.6351,25.6,6.84,32.24
2026-09-20T20:30:00+08:00,333.57,524.9,0.6355,25.65,6.89,32.35
2026-09-20T20:45:00+08:00,321.88,519.5,0.6196,25.91,6.79,32.3
2026-09-20T21:00:00+08:00,324.29,521.2,0.6222,25.27,6.76,31.99
2026-09-20T21:15:00+08:00,321.59,516.2,0.623,25.12,6.98,32.03
2026-09-20T21:30:00+08:00,332.28,538.1,0.6175,25.66,6.92,32.09
2026-09-20T21:45:00+08:00,309.47,511.1,0.6055,25.27,6.94,32.06
2026-09-20T22:00:00+08:00,317.53,516.9,0.6143,24.93,6.76,31.95
2026-09-20T22:15:00+08:00,320.75,532.1,0.6028,25.47,6.97,32.23
2026-09-20T22:30:00+08:00,316.51,523.5,0.6046,24.73,6.89,32.23
2026-09-20T22:45:00+08:00,311.73,519.2,0.6004,24.92,6.9,31.86
2026-09-20T23:00:00+08:00,315.3,516.3,0.6107,24.89,6.82,32.09
2026-09-20T23:15:00+08:00,306.46,508.4,0.6028,24.37,6.72,32.08
2026-09-20T23:30:00+08:00,314.64,516.4,0.6093,24.23,6.91,32.33
2026-09-20T23:45:00+08:00,308.48,510.9,0.6038,24.18,6.86,32.17
2026-09-21T00:00:00+08:00,311.14,514.7,0.6045,24.76,6.74,32.15
2026-09-21T00:15:00+08:00,323.96,542.2,0.5975,24.42,6.86,31.91
2026-09-21T00:30:00+08:00,304.92,507.1,0.6013,23.84,6.76,32.17
2026-09-21T00:45:00+08:00,315.65,530.6,0.5949,24.26,6.87,32.08
2026-09-21T01:00:00+08:00,315.08,522.6,0.6029,24.14,6.88,32.42
2026-09-21T01:15:00+08:00,309.21,519.5,0.5952,23.64,6.82,32.03
2026-09-21T01:30:00+08:00,306.83,509.6,0.6021,24.11,6.89,32.06
2026-09-21T01:45:00+08:00,307.68,514.6,0.5979,23.69,6.9,32.3
2026-09-21T02:00:00+08:00,307.09,511.9,0.5999,23.83,6.83,32.21
2026-09-21T02:15:00+08:00,317.08,530.5,0.5977,23.63,6.79,32.26
2026-09-21T02:30:00+08:00,319.46,531.1,0.6015,23.79,6.82,32.18
2026-09-21T02:45:00+08:00,309.44,517.2,0.5983,23.46,6.99,32.06
2026-09-21T03:00:00+08:00,321.13,539.8,0.5949,23.85,6.79,32.17
2026-09-21T03:15:00+08:00,300.28,500.8,0.5996,23.9,6.83,32.22
2026-09-21T03:30:00+08:00,309.79,521.7,0.5938,23.76,6.87,32.4
2026-09-21T03:45:00+08:00,310.45,518.1,0.5992,23.8,6.93,32.09
2026-09-21T04:00:00+08:00,321.55,531.4,0.6051,23.94,6.98,32.18
2026-09-21T04:15:00+08:00,312.53,523.5,0.597,23.68,6.8,32.07
2026-09-21T04:30:00+08:00,322.59,533.3,0.6049,23.58,6.93,31.92
2026-09-21T04:45:00+08:00,308.67,512.4,0.6024,24.05,6.85,32.28
2026-09-21T05:00:00+08:00,309.48,506.6,0.6109,24.07,6.83,32.35
2026-09-21T05:15:00+08:00,310.78,510.9,0.6083,23.82,6.92,32.06
2026-09-21T05:30:00+08:00,321.03,523.1,0.6137,23.94,6.86,32.05
2026-09-21T05:45:00+08:00,316.58,520.1,0.6087,23.97,6.8,32.45
2026-09-21T06:00:00+08:00,328.11,534.3,0.6141,24.42,6.92,32.18
2026-09-21T06:15:00+08:00,343.35,548.4,0.6261,24.41,6.94,32.15
2026-09-21T06:30:00+08:00,342.74,562.6,0.6092,24.58,6.95,32.07
2026-09-21T06:45:00+08:00,356.3,575.6,0.619,24.72,6.95,32.58
2026-09-21T07:00:00+08:00,362.36,583.8,0.6207,24.83,6.84,32.11
2026-09-21T07:15:00+08:00,387.44,623.0,0.6219,24.2,6.92,32.24
2026-09-21T07:30:00+08:00,399.99,633.3,0.6316,24.82,6.73,32.01
2026-09-21T07:45:00+08:00,422.49,666.7,0.6337,24.77,7.02,32.07
2026-09-21T08:00:00+08:00,433.95,678.9,0.6392,24.78,6.77,32.27
2026-09-21T08:15:00+08:00,448.44,699.6,0.641,25.59,7.09,32.17
2026-09-21T08:30:00+08:00,455.08,717.9,0.6339,25.53,6.85,32.18
2026-09-21T08:45:00+08:00,474.29,739.0,0.6418,25.4,6.89,32.47
2026-09-21T09:00:00+08:00,487.6,754.1,0.6466,25.45,6.85,31.95
2026-09-21T09:15:00+08:00,496.82,774.7,0.6413,25.78,6.91,32.16
2026-09-21T09:30:00+08:00,495.61,766.6,0.6465,25.83,6.95,32.3
2026-09-21T09:45:00+08:00,519.15,794.9,0.6531,26.1,6.94,32.04
2026-09-21T10:00:00+08:00,539.44,822.7,0.6557,25.71,6.79,32.28
2026-09-21T10:15:00+08:00,540.91,820.3,0.6594,26.5,6.87,32.14
2026-09-21T10:30:00+08:00,551.76,840.2,0.6567,25.88,6.8,32.22
2026-09-21T10:45:00+08:00,557.41,837.7,0.6654,26.81,6.82,32.19
2026-09-21T11:00:00+08:00,558.51,842.4,0.663,26.08,6.82,32.12
2026-09-21T11:15:00+08:00,569.37,859.3,0.6626,26.31,6.95,32.45
2026-09-21T11:30:00+08:00,559.36,841.9,0.6644,26.2,6.92,32.26
2026-09-21T11:45:00+08:00,573.49,861.1,0.666,26.71,7.09,32.35
2026-09-21T12:00:00+08:00,559.49,830.1,0.674,26.69,6.8,32.08
2026-09-21T12:15:00+08:00,584.29,875.6,0.6673,26.62,6.94,32.48
2026-09-21T12:30:00+08:00,573.6,855.1,0.6708,26.77,6.7,32.62
2026-09-21T12:45:00+08:00,584.84,869.0,0.673,26.92,6.95,31.89
2026-09-21T13:00:00+08:00,563.25,833.7,0.6756,27.2,6.89,32.27
2026-09-21T13:15:00+08:00,565.36,836.7,0.6757,27.19,6.97,32.15
2026-09-21T13:30:00+08:00,583.18,860.4,0.6778,26.69,6.72,32.18
2026-09-21T13:45:00+08:00,564.82,825.4,0.6843,27.4,6.88,32.26
2026-09-21T14:00:00+08:00,558.49,820.7,0.6805,27.03,6.79,32.16
2026-09-21T14:15:00+08:00,541.08,798.4,0.6777,27.54,6.89,32.2
2026-09-21T14:30:00+08:00,533.9,784.8,0.6803,27.43,6.92,32.17
2026-09-21T14:45:00+08:00,525.35,783.4,0.6706,26.81,6.85,32.23
2026-09-21T15:00:00+08:00,504.77,748.7,0.6742,27.06,6.94,32.04
2026-09-21T15:15:00+08:00,505.45,750.7,0.6733,27.78,6.77,32.32
2026-09-21T15:30:00+08:00,501.51,742.1,0.6758,27.34,7.05,32.34
2026-09-21T15:45:00+08:00,475.0,705.8,0.673,27.44,6.92,32.16
2026-09-21T16:00:00+08:00,443.89,666.0,0.6665,27.48,6.98,31.99
2026-09-21T16:15:00+08:00,467.32,697.8,0.6697,26.84,6.86,32.29
2026-09-21T16:30:00+08:00,431.14,643.3,0.6702,27.18,6.93,31.93
2026-09-21T16:45:00+08:00,421.64,635.1,0.6639,26.84,6.88,32.23
2026-09-21T17:00:00+08:00,410.18,617.0,0.6648,27.03,6.9,32.35
2026-09-21T17:15:00+08:00,385.49,585.4,0.6585,27.19,6.94,32.14
2026-09-21T17:30:00+08:00,362.46,550.6,0.6583,26.39,6.76,32.3
2026-09-21T17:45:00+08:00,356.58,538.8,0.6618,27.13,6.91,32.07
2026-09-21T18:00:00+08:00,333.23,505.5,0.6592,26.94,6.9,32.07
2026-09-21T18:15:00+08:00,327.18,499.9,0.6545,26.4,6.97,32.36
2026-09-21T18:30:00+08:00,339.5,528.0,0.643,26.37,6.93,31.94
2026-09-21T18:45:00+08:00,333.12,515.5,0.6462,26.54,7.03,32.36
2026-09-21T19:00:00+08:00,330.8,509.0,0.6499,26.65,7.1,32.09
2026-09-21T19:15:00+08:00,326.47,507.5,0.6433,26.16,6.9,32.38
2026-09-21T19:30:00+08:00,340.69,529.6,0.6433,26.32,7.04,32.38
2026-09-21T19:45:00+08:00,336.63,521.5,0.6455,26.3,6.75,32.14
2026-09-21T20:00:00+08:00,342.96,538.4,0.637,25.89,6.95,32.01
2026-09-21T20:15:00+08:00,339.01,533.2,0.6358,25.71,6.95,32.06
2026-09-21T20:30:00+08:00,333.58,524.0,0.6366,25.64,6.92,32.13
2026-09-21T20:45:00+08:00,339.41,537.9,0.631,25.3,6.86,31.84
2026-09-21T21:00:00+08:00,325.99,522.0,0.6245,25.38,7.07,32.47
2026-09-21T21:15:00+08:00,333.25,529.9,0.6289,25.44,6.94,32.61
2026-09-21T21:30:00+08:00,322.2,513.8,0.6271,25.24,6.93,31.99
2026-09-21T21:45:00+08:00,313.07,510.3,0.6135,25.03,6.93,32.29
2026-09-21T22:00:00+08:00,315.23,505.9,0.6231,25.1,6.91,32.31
2026-09-21T22:15:00+08:00,315.58,510.4,0.6183,24.53,7.03,32.22
2026-09-21T22:30:00+08:00,319.25,516.5,0.6181,24.81,6.89,32.19
2026-09-21T22:45:00+08:00,315.19,510.6,0.6173,24.7,6.93,32.36
2026-09-21T23:00:00+08:00,308.53,508.7,0.6065,24.55,6.86,32.36
2026-09-21T23:15:00+08:00,325.82,533.6,0.6106,24.49,6.98,32.31
2026-09-21T23:30:00+08:00,308.03,507.3,0.6072,24.37,6.9,31.86
2026-09-21T23:45:00+08:00,319.9,527.1,0.6069,24.3,6.86,32.33
2026-09-22T00:00:00+08:00,309.89,517.6,0.5987,24.44,6.78,32.04
2026-09-22T00:15:00+08:00,302.71,505.7,0.5986,24.74,6.95,32.21
2026-09-22T00:30:00+08:00,315.17,513.9,0.6133,23.59,6.94,32.4
2026-09-22T00:45:00+08:00,303.58,508.0,0.5976,24.07,7.07,32.09
2026-09-22T01:00:00+08:00,312.73,523.4,0.5975,23.92,6.77,32.39
2026-09-22T01:15:00+08:00,307.96,517.4,0.5952,23.9,6.88,31.96
2026-09-22T01:30:00+08:00,316.58,526.4,0.6014,23.8,6.85,31.98
2026-09-22T01:45:00+08:00,316.34,525.3,0.6022,23.62,7.06,32.29
2026-09-22T02:00:00+08:00,307.27,513.4,0.5985,23.98,6.87,32.3
2026-09-22T02:15:00+08:00,315.01,529.7,0.5947,23.93,6.83,32.48
2026-09-22T02:30:00+08:00,313.69,528.1,0.594,23.42,6.85,32.02
2026-09-22T02:45:00+08:00,325.03,531.1,0.612,23.82,6.89,32.33
2026-09-22T03:00:00+08:00,305.95,510.0,0.5999,23.5,6.88,32.54
2026-09-22T03:15:00+08:00,322.86,527.8,0.6117,23.75,6.89,32.27
2026-09-22T03:30:00+08:00,312.32,511.5,0.6106,23.59,6.87,32.29
2026-09-22T03:45:00+08:00,318.17,522.1,0.6094,24.41,6.8,32.03
2026-09-22T04:00:00+08:00,319.91,527.9,0.606,23.2,6.8,32.45
2026-09-22T04:15:00+08:00,305.47,508.1,0.6012,24.39,6.96,32.04
2026-09-22T04:30:00+08:00,316.14,521.0,0.6068,23.89,6.91,32.73
2026-09-22T04:45:00+08:00,315.37,515.4,0.6119,24.34,6.94,32.21
2026-09-22T05:00:00+08:00,331.93,547.1,0.6067,24.07,6.89,32.36
2026-09-22T05:15:00+08:00,312.93,508.5,0.6154,23.68,6.83,32.35
2026-09-22T05:30:00+08:00,327.9,527.6,0.6215,24.11,6.91,31.98
2026-09-22T05:45:00+08:00,323.46,525.1,0.616,24.23,6.84,32.27
2026-09-22T06:00:00+08:00,316.6,509.5,0.6214,24.29,6.77,32.75
2026-09-22T06:15:00+08:00,334.77,543.2,0.6163,23.79,6.93,32.34
2026-09-22T06:30:00+08:00,356.36,570.0,0.6252,24.19,7.12,32.35
2026-09-22T06:45:00+08:00,371.15,589.6,0.6295,24.81,6.91,32.37
2026-09-22T07:00:00+08:00,381.31,602.1,0.6333,24.58,6.9,32.47
2026-09-22T07:15:00+08:00,403.29,636.1,0.634,24.67,6.85,32.43
2026-09-22T07:30:00+08:00,414.4,652.8,0.6348,24.39,6.93,32.31
2026-09-22T07:45:00+08:00,432.54,683.1,0.6332,25.11,6.75,32.0
2026-09-22T08:00:00+08:00,448.0,692.1,0.6473,24.87,7.06,32.39
2026-09-22T08:15:00+08:00,466.89,722.4,0.6463,24.95,7.2,32.28
2026-09-22T08:30:00+08:00,464.3,710.7,0.6533,25.56,6.98,32.8
2026-09-22T08:45:00+08:00,482.6,739.5,0.6526,25.42,6.93,32.58
2026-09-22T09:00:00+08:00,500.7,769.0,0.6511,25.19,6.83,32.54
2026-09-22T09:15:00+08:00,502.56,772.1,0.6509,25.91,6.79,32.52
2026-09-22T09:30:00+08:00,498.5,764.1,0.6524,25.78,6.98,32.37
2026-09-22T09:45:00+08:00,529.07,793.8,0.6665,25.87,6.9,32.3
2026-09-22T10:00:00+08:00,525.8,798.0,0.6589,25.61,6.81,32.47
2026-09-22T10:15:00+08:00,537.0,811.3,0.6619,26.15,6.76,32.04
2026-09-22T10:30:00+08:00,561.1,844.9,0.6641,26.18,6.89,32.43
2026-09-22T10:45:00+08:00,535.47,803.4,0.6665,26.46,6.96,32.58
2026-09-22T11:00:00+08:00,557.66,833.2,0.6693,26.2,7.04,32.37
2026-09-22T11:15:00+08:00,569.73,845.8,0.6736,26.31,6.93,32.4
2026-09-22T11:30:00+08:00,564.71,843.1,0.6698,27.32,6.83,32.19
2026-09-22T11:45:00+08:00,575.69,857.7,0.6712,26.81,6.89,32.12
2026-09-22T12:00:00+08:00,575.21,855.2,0.6726,26.59,6.88,32.39
2026-09-22T12:15:00+08:00,580.73,854.9,0.6793,26.59,7.01,32.14
2026-09-22T12:30:00+08:00,556.88,833.4,0.6682,26.9,6.86,32.07
2026-09-22T12:45:00+08:00,567.35,838.9,0.6763,27.49,6.87,32.45
2026-09-22T13:00:00+08:00,553.2,812.7,0.6807,27.03,6.96,32.27
2026-09-22T13:15:00+08:00,568.43,842.0,0.6751,26.67,6.87,32.25
2026-09-22T13:30:00+08:00,570.16,828.6,0.6881,27.22,6.75,32.55
2026-09-22T13:45:00+08:00,546.56,802.0,0.6815,27.14,6.99,32.49
2026-09-22T14:00:00+08:00,558.36,821.0,0.6801,26.99,6.95,32.34
2026-09-22T14:15:00+08:00,553.55,810.7,0.6828,26.44,6.96,32.56
2026-09-22T14:30:00+08:00,543.57,794.0,0.6846,27.66,7.01,32.27
2026-09-22T14:45:00+08:00,517.44,754.4,0.6859,27.0,7.03,32.42
2026-09-22T15:00:00+08:00,513.32,755.0,0.6799,27.14,7.02,32.37
2026-09-22T15:15:00+08:00,503.68,739.4,0.6812,26.51,6.85,32.08
2026-09-22T15:30:00+08:00,476.43,702.7,0.678,27.71,6.83,32.17
2026-09-22T15:45:00+08:00,473.64,698.9,0.6777,27.69,7.08,32.06
2026-09-22T16:00:00+08:00,469.76,681.5,0.6893,27.26,6.79,32.32
2026-09-22T16:15:00+08:00,449.45,663.0,0.6779,27.22,6.88,31.71
2026-09-22T16:30:00+08:00,431.06,638.8,0.6748,27.99,6.96,32.26
2026-09-22T16:45:00+08:00,421.08,620.7,0.6784,27.19,6.93,32.19
2026-09-22T17:00:00+08:00,413.27,614.9,0.6721,26.95,6.88,32.34
2026-09-22T17:15:00+08:00,400.53,596.3,0.6717,26.86,7.12,32.3
2026-09-22T17:30:00+08:00,384.8,575.1,0.6691,27.06,6.83,32.25
2026-09-22T17:45:00+08:00,353.37,530.5,0.6661,26.57,6.96,32.22
2026-09-22T18:00:00+08:00,350.55,525.4,0.6672,26.87,7.14,32.44
2026-09-22T18:15:00+08:00,332.23,506.3,0.6562,26.95,6.96,32.23
2026-09-22T18:30:00+08:00,332.62,509.3,0.6531,26.59,6.95,32.66
2026-09-22T18:45:00+08:00,347.1,530.0,0.6549,26.34,7.05,32.48
2026-09-22T19:00:00+08:00,345.97,527.8,0.6555,26.2,6.98,32.15
2026-09-22T19:15:00+08:00,334.6,513.9,0.6511,26.26,6.93,32.37
2026-09-22T19:30:00+08:00,331.74,506.7,0.6547,26.67,6.93,32.4
2026-09-22T19:45:00+08:00,332.82,515.6,0.6455,26.34,6.81,32.38
2026-09-22T20:00:00+08:00,338.01,523.0,0.6463,25.84,6.9,32.56
2026-09-22T20:15:00+08:00,336.18,519.2,0.6475,26.11,6.9,32.27
2026-09-22T20:30:00+08:00,332.3,519.7,0.6394,25.55,6.92,32.01
2026-09-22T20:45:00+08:00,331.37,520.2,0.637,25.33,7.0,32.11
2026-09-22T21:00:00+08:00,350.84,548.7,0.6394,25.33,6.97,32.32
2026-09-22T21:15:00+08:00,314.73,509.6,0.6176,25.91,6.91,32.27
2026-09-22T21:30:00+08:00,331.59,526.5,0.6298,25.53,7.03,32.48
2026-09-22T21:45:00+08:00,332.76,534.3,0.6228,25.23,6.87,32.14
2026-09-22T22:00:00+08:00,330.34,529.3,0.6241,24.69,7.01,32.33
2026-09-22T22:15:00+08:00,315.72,508.9,0.6204,24.94,7.06,32.34
2026-09-22T22:30:00+08:00,322.35,519.0,0.6211,23.93,6.9,32.17
2026-09-22T22:45:00+08:00,308.72,498.1,0.6198,24.75,6.86,32.34
2026-09-22T23:00:00+08:00,332.16,536.6,0.619,25.16,7.1,32.16
2026-09-22T23:15:00+08:00,318.62,518.5,0.6145,24.76,6.97,32.36
2026-09-22T23:30:00+08:00,333.06,538.5,0.6185,24.49,6.87,32.38
2026-09-22T23:45:00+08:00,326.94,534.3,0.6119,24.58,6.98,32.09
2026-09-23T00:00:00+08:00,332.31,547.2,0.6073,24.41,6.93,32.33
2026-09-23T00:15:00+08:00,319.38,522.2,0.6116,24.28,6.92,32.28
2026-09-23T00:30:00+08:00,313.72,514.3,0.61,24.64,7.01,32.45
2026-09-23T00:45:00+08:00,315.39,515.6,0.6117,24.02,6.95,32.32
2026-09-23T01:00:00+08:00,323.43,534.5,0.6051,23.87,6.9,32.44
2026-09-23T01:15:00+08:00,317.92,526.8,0.6035,23.36,6.86,32.52
2026-09-23T01:30:00+08:00,322.97,524.9,0.6153,23.44,6.89,32.39
2026-09-23T01:45:00+08:00,325.5,532.9,0.6108,23.34,6.99,32.73
2026-09-23T02:00:00+08:00,310.87,511.3,0.608,23.69,7.06,32.53
2026-09-23T02:15:00+08:00,320.17,521.2,0.6143,23.63,6.97,32.41
2026-09-23T02:30:00+08:00,321.12,532.8,0.6027,23.5,6.82,32.32
2026-09-23T02:45:00+08:00,312.91,513.3,0.6096,23.61,6.97,31.88
2026-09-23T03:00:00+08:00,313.51,506.4,0.6191,23.22,6.9,32.4
2026-09-23T03:15:00+08:00,326.83,537.2,0.6084,23.56,6.97,32.47
2026-09-23T03:30:00+08:00,309.07,504.6,0.6125,23.85,6.94,31.96
2026-09-23T03:45:00+08:00,316.01,512.5,0.6166,23.33,6.86,32.29
2026-09-23T04:00:00+08:00,307.74,505.4,0.6089,24.07,6.97,32.3
2026-09-23T04:15:00+08:00,321.89,524.0,0.6143,23.86,6.92,32.35
2026-09-23T04:30:00+08:00,334.37,540.7,0.6184,24.15,6.9,31.92
2026-09-23T04:45:00+08:00,330.71,532.2,0.6214,23.33,6.92,32.56
2026-09-23T05:00:00+08:00,316.58,511.1,0.6194,23.94,6.99,32.51
2026-09-23T05:15:00+08:00,321.75,521.9,0.6165,24.17,6.99,32.38
2026-09-23T05:30:00+08:00,332.02,530.9,0.6254,24.24,6.86,32.45
2026-09-23T05:45:00+08:00,347.0,550.7,0.6301,23.84,6.92,32.65
2026-09-23T06:00:00+08:00,321.54,507.4,0.6337,25.0,6.98,32.38
2026-09-23T06:15:00+08:00,345.02,548.7,0.6288,24.39,7.03,32.25
2026-09-23T06:30:00+08:00,345.77,546.5,0.6327,23.83,7.03,32.57
2026-09-23T06:45:00+08:00,354.42,558.5,0.6346,24.31,6.99,32.38
2026-09-23T07:00:00+08:00,369.47,574.7,0.6429,24.69,6.94,32.55
2026-09-23T07:15:00+08:00,402.63,630.0,0.6391,24.63,6.87,32.42
2026-09-23T07:30:00+08:00,413.96,641.6,0.6452,24.41,7.0,32.35
2026-09-23T07:45:00+08:00,437.02,673.9,0.6485,25.16,7.04,32.39
2026-09-23T08:00:00+08:00,456.9,701.2,0.6516,25.15,6.84,32.44
2026-09-23T08:15:00+08:00,461.61,715.9,0.6448,24.45,6.93,32.42
2026-09-23T08:30:00+08:00,457.12,701.0,0.6521,25.75,6.88,32.27
2026-09-23T08:45:00+08:00,490.32,751.8,0.6522,25.54,6.78,32.21
2026-09-23T09:00:00+08:00,495.35,751.1,0.6595,25.26,6.98,32.43
2026-09-23T09:15:00+08:00,513.85,770.5,0.6669,25.5,6.93,32.58
2026-09-23T09:30:00+08:00,529.11,797.7,0.6633,25.61,7.05,32.33
2026-09-23T09:45:00+08:00,514.28,774.4,0.6641,25.87,6.97,32.26
2026-09-23T10:00:00+08:00,539.09,810.3,0.6653,25.84,7.02,32.44
2026-09-23T10:15:00+08:00,557.41,841.5,0.6624,26.2,7.0,32.17
2026-09-23T10:30:00+08:00,553.94,819.2,0.6762,26.19,6.98,32.64
2026-09-23T10:45:00+08:00,548.23,819.6,0.6689,26.1,7.0,32.48
2026-09-23T11:00:00+08:00,564.35,830.9,0.6792,26.55,7.12,32.43
2026-09-23T11:15:00+08:00,571.34,843.8,0.6771,26.28,7.02,32.08
2026-09-23T11:30:00+08:00,556.85,823.5,0.6762,26.5,6.96,32.58
2026-09-23T11:45:00+08:00,574.16,844.6,0.6798,27.1,6.93,32.77
2026-09-23T12:00:00+08:00,582.88,850.3,0.6855,27.02,6.92,32.22
2026-09-23T12:15:00+08:00,592.4,860.8,0.6882,26.84,7.0,32.48
2026-09-23T12:30:00+08:00,571.14,835.0,0.684,27.12,6.87,32.4
2026-09-23T12:45:00+08:00,586.59,851.0,0.6893,26.78,6.96,32.41
2026-09-23T13:00:00+08:00,573.07,829.7,0.6907,27.33,6.98,32.8
2026-09-23T13:15:00+08:00,563.0,823.7,0.6835,26.92,7.05,32.31
2026-09-23T13:30:00+08:00,568.1,820.6,0.6923,27.34,6.89,32.35
2026-09-23T13:45:00+08:00,568.61,819.2,0.6941,27.16,7.09,32.19
2026-09-23T14:00:00+08:00,558.67,811.9,0.6881,27.49,7.05,32.47
2026-09-23T14:15:00+08:00,547.24,789.9,0.6928,27.45,6.95,32.46
2026-09-23T14:30:00+08:00,526.06,768.3,0.6847,27.55,7.06,32.37
2026-09-23T14:45:00+08:00,536.39,780.2,0.6875,27.31,6.89,32.54
2026-09-23T15:00:00+08:00,517.78,751.6,0.6889,27.09,6.91,32.37
2026-09-23T15:15:00+08:00,521.96,756.8,0.6897,27.11,7.04,32.64
2026-09-23T15:30:00+08:00,500.25,722.8,0.6921,27.33,7.0,32.26
2026-09-23T15:45:00+08:00,473.6,692.7,0.6837,27.21,6.93,32.15
2026-09-23T16:00:00+08:00,473.34,687.5,0.6885,26.99,6.95,32.24
2026-09-23T16:15:00+08:00,442.57,649.5,0.6814,27.21,6.92,32.84
2026-09-23T16:30:00+08:00,429.18,628.0,0.6834,27.04,7.01,32.43
2026-09-23T16:45:00+08:00,408.59,599.1,0.682,27.28,7.0,32.35
2026-09-23T17:00:00+08:00,418.42,617.6,0.6775,27.31,6.96,32.53
2026-09-23T17:15:00+08:00,401.64,587.8,0.6833,26.81,6.95,32.52
2026-09-23T17:30:00+08:00,384.89,575.4,0.6689,26.57,7.09,32.57
2026-09-23T17:45:00+08:00,369.53,546.8,0.6758,26.67,6.91,32.22
2026-09-23T18:00:00+08:00,343.2,513.0,0.669,25.74,6.97,32.27
2026-09-23T18:15:00+08:00,348.83,517.4,0.6742,26.9,7.03,32.5
2026-09-23T18:30:00+08:00,342.45,515.9,0.6638,26.9,6.98,32.43
2026-09-23T18:45:00+08:00,335.84,502.0,0.669,26.72,6.91,32.29
2026-09-23T19:00:00+08:00,357.43,542.8,0.6585,26.66,6.87,32.82
2026-09-23T19:15:00+08:00,346.47,531.4,0.652,26.38,6.96,32.17
2026-09-23T19:30:00+08:00,330.63,505.7,0.6538,26.64,6.86,32.2
2026-09-23T19:45:00+08:00,342.43,523.2,0.6545,26.33,6.96,32.37
2026-09-23T20:00:00+08:00,340.59,520.3,0.6546,25.99,6.92,32.73
2026-09-23T20:15:00+08:00,337.88,522.3,0.6469,25.67,6.96,32.32
2026-09-23T20:30:00+08:00,329.11,514.8,0.6393,25.61,6.91,32.46
2026-09-23T20:45:00+08:00,336.98,521.8,0.6458,25.65,7.07,32.32
2026-09-23T21:00:00+08:00,338.85,527.4,0.6425,25.71,7.1,32.58
2026-09-23T21:15:00+08:00,331.34,515.3,0.643,24.75,7.0,32.55
2026-09-23T21:30:00+08:00,326.18,516.1,0.632,25.02,6.87,32.61
2026-09-23T21:45:00+08:00,328.6,512.8,0.6408,24.87,6.88,32.38
2026-09-23T22:00:00+08:00,344.85,545.3,0.6324,24.92,6.95,32.75
2026-09-23T22:15:00+08:00,321.41,511.8,0.628,24.72,6.87,32.41
2026-09-23T22:30:00+08:00,325.6,519.3,0.627,25.11,6.98,32.11
2026-09-23T22:45:00+08:00,337.04,539.0,0.6253,24.96,7.03,32.6
2026-09-23T23:00:00+08:00,316.33,514.7,0.6146,24.63,7.05,32.12
2026-09-23T23:15:00+08:00,299.0,483.5,0.6184,24.47,6.7,32.54
2026-09-23T23:30:00+08:00,330.28,531.0,0.622,24.96,7.0,32.35
2026-09-23T23:45:00+08:00,333.36,540.2,0.6171,24.55,6.94,32.45
2026-09-24T00:00:00+08:00,318.11,516.0,0.6165,24.34,7.0,32.52
2026-09-24T00:15:00+08:00,315.83,512.8,0.6159,23.81,7.05,32.15
2026-09-24T00:30:00+08:00,324.39,518.7,0.6254,24.93,7.06,32.76
2026-09-24T00:45:00+08:00,323.0,525.2,0.615,23.64,7.05,32.49
2026-09-24T01:00:00+08:00,324.77,525.1,0.6185,23.86,7.08,32.24
2026-09-24T01:15:00+08:00,298.88,491.5,0.6081,23.88,7.07,32.16
2026-09-24T01:30:00+08:00,325.14,536.8,0.6057,24.32,6.98,32.12
2026-09-24T01:45:00+08:00,329.96,534.6,0.6172,23.94,6.97,32.2
2026-09-24T02:00:00+08:00,310.31,505.8,0.6135,24.21,7.1,32.13
2026-09-24T02:15:00+08:00,318.03,518.9,0.6129,23.77,6.99,32.59
2026-09-24T02:30:00+08:00,320.25,518.7,0.6174,23.49,7.08,32.6
2026-09-24T02:45:00+08:00,324.74,530.7,0.6119,23.59,7.02,32.76
2026-09-24T03:00:00+08:00,316.49,510.8,0.6196,23.43,6.98,32.66
2026-09-24T03:15:00+08:00,339.75,545.0,0.6234,23.88,7.09,32.34
2026-09-24T03:30:00+08:00,315.88,514.8,0.6136,23.83,6.88,32.45
2026-09-24T03:45:00+08:00,317.92,511.2,0.6219,23.64,6.96,32.1
2026-09-24T04:00:00+08:00,316.73,514.0,0.6162,23.55,7.01,32.53
2026-09-24T04:15:00+08:00,325.07,521.2,0.6237,23.47,6.98,32.46
2026-09-24T04:30:00+08:00,322.92,522.1,0.6185,23.95,7.08,32.21
2026-09-24T04:45:00+08:00,331.06,526.5,0.6288,24.72,7.11,32.42
2026-09-24T05:00:00+08:00,322.5,518.4,0.6221,23.68,6.94,32.57
2026-09-24T05:15:00+08:00,329.07,528.8,0.6223,23.97,7.03,32.56
2026-09-24T05:30:00+08:00,339.36,533.5,0.6361,23.4,7.0,32.16
2026-09-24T05:45:00+08:00,334.41,529.3,0.6318,24.19,7.08,32.69
2026-09-24T06:00:00+08:00,327.81,518.6,0.6321,24.01,6.92,32.8
2026-09-24T06:15:00+08:00,342.05,540.2,0.6332,24.1,6.9,32.3
2026-09-24T06:30:00+08:00,365.58,566.0,0.6459,24.83,6.99,32.57
2026-09-24T06:45:00+08:00,377.08,587.9,0.6414,24.75,6.95,32.43
2026-09-24T07:00:00+08:00,384.47,599.8,0.641,24.33,7.19,32.46
2026-09-24T07:15:00+08:00,392.18,608.5,0.6445,24.72,6.99,32.5
2026-09-24T07:30:00+08:00,413.06,634.4,0.6511,25.2,7.02,32.06
2026-09-24T07:45:00+08:00,424.06,651.0,0.6514,24.95,6.9,32.43
2026-09-24T08:00:00+08:00,445.41,682.2,0.6529,25.53,6.88,32.5
2026-09-24T08:15:00+08:00,451.73,695.4,0.6496,25.24,6.83,32.53
2026-09-24T08:30:00+08:00,468.12,712.3,0.6572,25.6,6.98,32.71
2026-09-24T08:45:00+08:00,492.65,750.3,0.6566,25.22,7.07,32.49
2026-09-24T09:00:00+08:00,497.09,744.7,0.6675,25.27,7.15,32.18
2026-09-24T09:15:00+08:00,519.72,775.0,0.6706,25.37,6.99,32.44
2026-09-24T09:30:00+08:00,520.78,778.1,0.6693,25.89,6.97,32.57
2026-09-24T09:45:00+08:00,530.77,792.2,0.67,25.98,6.88,32.34
2026-09-24T10:00:00+08:00,546.78,815.6,0.6704,25.55,6.92,32.75
2026-09-24T10:15:00+08:00,544.19,809.8,0.672,25.86,6.95,32.33
2026-09-24T10:30:00+08:00,561.46,817.5,0.6868,26.03,7.15,32.46
2026-09-24T10:45:00+08:00,565.22,827.8,0.6828,26.28,6.96,32.6
2026-09-24T11:00:00+08:00,573.38,837.3,0.6848,26.03,7.09,32.6
2026-09-24T11:15:00+08:00,568.7,830.7,0.6846,26.44,6.98,32.47
2026-09-24T11:30:00+08:00,562.4,821.5,0.6846,26.45,6.96,32.24
2026-09-24T11:45:00+08:00,596.34,870.7,0.6849,27.29,6.95,32.34
2026-09-24T12:00:00+08:00,570.01,824.9,0.691,26.51,7.05,32.45
2026-09-24T12:15:00+08:00,584.95,852.2,0.6864,27.16,6.99,32.3
2026-09-24T12:30:00+08:00,573.27,822.6,0.6969,26.98,7.08,32.33
2026-09-24T12:45:00+08:00,586.58,854.2,0.6867,26.51,6.94,32.35
2026-09-24T13:00:00+08:00,580.76,835.5,0.6951,27.2,7.02,32.26
2026-09-24T13:15:00+08:00,559.68,811.6,0.6896,27.21,6.9,32.66
2026-09-24T13:30:00+08:00,562.14,804.9,0.6984,27.32,6.94,32.68
2026-09-24T13:45:00+08:00,568.57,822.7,0.6911,27.78,6.92,32.45
2026-09-24T14:00:00+08:00,558.51,805.7,0.6932,27.45,7.06,32.38
2026-09-24T14:15:00+08:00,563.68,804.8,0.7004,27.59,6.92,32.6
2026-09-24T14:30:00+08:00,548.11,790.7,0.6932,27.83,6.89,32.49
2026-09-24T14:45:00+08:00,531.9,773.0,0.6881,27.45,7.04,32.54
2026-09-24T15:00:00+08:00,523.25,753.1,0.6948,27.14,7.0,32.29
2026-09-24T15:15:00+08:00,509.56,738.6,0.6899,27.26,7.14,32.35
2026-09-24T15:30:00+08:00,497.33,712.0,0.6985,27.7,6.99,32.5
2026-09-24T15:45:00+08:00,486.87,705.0,0.6906,26.94,6.96,32.42
2026-09-24T16:00:00+08:00,471.06,682.2,0.6905,27.41,6.99,33.06
2026-09-24T16:15:00+08:00,467.26,676.3,0.6909,27.52,6.96,32.56
2026-09-24T16:30:00+08:00,452.19,654.5,0.6909,27.14,7.1,32.66
2026-09-24T16:45:00+08:00,424.56,622.8,0.6817,26.69,7.14,32.52
2026-09-24T17:00:00+08:00,411.96,602.9,0.6833,27.52,7.02,32.86
2026-09-24T17:15:00+08:00,388.92,570.6,0.6816,27.38,7.07,32.62
2026-09-24T17:30:00+08:00,385.76,567.8,0.6794,27.35,6.83,32.78
2026-09-24T17:45:00+08:00,369.31,546.4,0.6759,26.62,7.05,32.34
2026-09-24T18:00:00+08:00,355.88,525.6,0.6771,27.09,7.09,32.76
2026-09-24T18:15:00+08:00,337.76,500.9,0.6743,26.61,6.95,32.48
2026-09-24T18:30:00+08:00,341.02,509.9,0.6688,26.12,7.07,32.87
2026-09-24T18:45:00+08:00,352.22,520.5,0.6767,26.79,7.02,32.71
2026-09-24T19:00:00+08:00,337.8,503.5,0.6709,26.32,7.02,32.4
2026-09-24T19:15:00+08:00,333.47,504.5,0.661,26.23,6.93,32.7
2026-09-24T19:30:00+08:00,345.65,524.5,0.659,26.58,7.12,32.41
2026-09-24T19:45:00+08:00,351.46,527.8,0.6659,26.35,7.13,32.48
2026-09-24T20:00:00+08:00,343.0,519.7,0.66,25.69,6.9,32.62
2026-09-24T20:15:00+08:00,357.92,547.2,0.6541,26.31,7.07,32.27
2026-09-24T20:30:00+08:00,348.64,532.2,0.6551,25.5,7.04,32.24
2026-09-24T20:45:00+08:00,353.16,541.9,0.6517,25.6,7.09,32.29
2026-09-24T21:00:00+08:00,331.21,513.5,0.645,25.46,7.14,32.28
2026-09-24T21:15:00+08:00,325.83,506.1,0.6438,25.57,6.97,32.45
2026-09-24T21:30:00+08:00,328.27,511.4,0.6419,25.12,6.94,32.91
2026-09-24T21:45:00+08:00,339.59,527.4,0.6439,24.97,6.96,32.57
2026-09-24T22:00:00+08:00,338.35,525.8,0.6435,25.43,7.2,32.61
2026-09-24T22:15:00+08:00,319.35,503.0,0.6349,25.08,6.92,32.56
2026-09-24T22:30:00+08:00,331.22,527.0,0.6285,24.82,6.98,32.46
2026-09-24T22:45:00+08:00,344.59,542.4,0.6353,24.51,6.93,32.62
2026-09-24T23:00:00+08:00,318.97,503.9,0.633,24.39,7.04,32.56
2026-09-24T23:15:00+08:00,319.83,510.1,0.627,24.34,7.16,32.45
2026-09-24T23:30:00+08:00,323.01,511.9,0.631,24.08,6.86,32.61
2026-09-24T23:45:00+08:00,318.35,510.1,0.6241,24.26,7.09,32.22
2026-09-25T00:00:00+08:00,316.15,502.3,0.6294,24.21,6.88,32.59
2026-09-25T00:15:00+08:00,326.8,527.1,0.62,24.47,7.02,32.57
2026-09-25T00:30:00+08:00,319.6,514.9,0.6207,23.93,6.94,32.35
2026-09-25T00:45:00+08:00,324.27,524.2,0.6186,24.07,6.99,32.61
2026-09-25T01:00:00+08:00,334.26,534.3,0.6256,23.76,7.03,32.45
2026-09-25T01:15:00+08:00,309.27,505.1,0.6123,23.93,6.91,32.45
2026-09-25T01:30:00+08:00,320.88,518.3,0.6191,23.95,6.89,32.5
2026-09-25T01:45:00+08:00,329.18,532.4,0.6183,23.74,7.08,32.47
2026-09-25T02:00:00+08:00,323.28,528.5,0.6117,24.17,7.02,32.78
2026-09-25T02:15:00+08:00,324.35,521.3,0.6222,23.41,7.03,32.58
2026-09-25T02:30:00+08:00,326.66,521.9,0.6259,23.34,7.08,32.22
2026-09-25T02:45:00+08:00,327.34,526.1,0.6222,23.83,7.05,32.42
2026-09-25T03:00:00+08:00,328.92,527.8,0.6232,24.03,7.0,32.78
2026-09-25T03:15:00+08:00,320.78,516.8,0.6207,23.55,6.91,32.15
2026-09-25T03:30:00+08:00,318.31,512.5,0.6211,23.71,6.99,32.47
2026-09-25T03:45:00+08:00,317.57,509.5,0.6233,23.52,7.03,32.63
2026-09-25T04:00:00+08:00,327.38,522.8,0.6262,23.65,7.12,32.38
2026-09-25T04:15:00+08:00,321.11,510.1,0.6295,23.86,7.12,32.54
2026-09-25T04:30:00+08:00,327.33,519.0,0.6307,24.16,6.84,32.76
2026-09-25T04:45:00+08:00,337.93,537.5,0.6287,23.53,7.1,32.59
2026-09-25T05:00:00+08:00,338.78,535.2,0.633,23.94,6.91,32.85
2026-09-25T05:15:00+08:00,327.66,521.0,0.6289,23.79,7.11,32.49
2026-09-25T05:30:00+08:00,332.46,522.9,0.6358,23.94,7.1,32.37
2026-09-25T05:45:00+08:00,331.02,519.0,0.6378,24.15,6.9,32.4
2026-09-25T06:00:00+08:00,332.82,518.9,0.6414,24.0,7.03,32.43
2026-09-25T06:15:00+08:00,349.42,547.0,0.6388,23.91,7.0,32.85
2026-09-25T06:30:00+08:00,379.22,587.3,0.6457,24.74,7.03,32.47
2026-09-25T06:45:00+08:00,370.17,572.4,0.6467,25.06,6.96,32.59
2026-09-25T07:00:00+08:00,404.77,625.9,0.6467,24.41,7.16,32.5
2026-09-25T07:15:00+08:00,396.24,609.5,0.6501,24.45,7.06,32.72
2026-09-25T07:30:00+08:00,420.98,643.3,0.6544,25.21,7.07,32.41
2026-09-25T07:45:00+08:00,451.72,680.2,0.6641,25.03,7.02,32.85
2026-09-25T08:00:00+08:00,436.34,667.5,0.6537,25.01,7.01,32.71
2026-09-25T08:15:00+08:00,468.71,702.5,0.6672,25.26,6.96,32.26
2026-09-25T08:30:00+08:00,502.33,752.1,0.6679,25.46,7.08,32.72
2026-09-25T08:45:00+08:00,496.06,743.5,0.6672,25.76,6.79,32.68
2026-09-25T09:00:00+08:00,517.6,771.5,0.6709,25.41,7.11,32.92
2026-09-25T09:15:00+08:00,519.62,775.9,0.6697,25.88,7.13,32.45
2026-09-25T09:30:00+08:00,526.57,781.5,0.6738,25.65,6.92,32.41
2026-09-25T09:45:00+08:00,536.12,787.6,0.6807,25.83,7.09,32.41
2026-09-25T10:00:00+08:00,558.14,815.4,0.6845,26.19,6.93,32.84
2026-09-25T10:15:00+08:00,565.92,822.8,0.6878,26.03,7.04,32.53
2026-09-25T10:30:00+08:00,562.0,819.6,0.6857,25.78,7.06,32.49
2026-09-25T10:45:00+08:00,563.32,825.5,0.6824,26.29,7.05,32.81
2026-09-25T11:00:00+08:00,575.99,845.3,0.6814,26.92,6.95,32.69
2026-09-25T11:15:00+08:00,602.06,866.9,0.6945,26.58,6.98,32.68
2026-09-25T11:30:00+08:00,581.62,842.2,0.6906,26.76,7.12,32.8
2026-09-25T11:45:00+08:00,594.61,857.9,0.6931,27.04,6.99,32.29
2026-09-25T12:00:00+08:00,585.84,845.0,0.6933,26.61,7.14,32.71
2026-09-25T12:15:00+08:00,602.11,868.1,0.6936,26.7,7.12,33.03
2026-09-25T12:30:00+08:00,591.2,845.3,0.6994,27.24,7.14,32.72
2026-09-25T12:45:00+08:00,606.17,860.3,0.7046,27.4,7.06,32.4
2026-09-25T13:00:00+08:00,592.89,841.7,0.7044,27.12,7.04,32.39
2026-09-25T13:15:00+08:00,590.17,837.0,0.7051,27.54,7.09,32.39
2026-09-25T13:30:00+08:00,571.69,809.3,0.7064,26.51,7.02,32.57
2026-09-25T13:45:00+08:00,573.89,822.9,0.6974,26.95,6.97,33.04
2026-09-25T14:00:00+08:00,566.31,810.4,0.6988,27.26,6.97,32.39
2026-09-25T14:15:00+08:00,546.73,778.7,0.7021,27.73,6.97,32.8
2026-09-25T14:30:00+08:00,532.7,759.7,0.7012,27.13,7.04,32.69
2026-09-25T14:45:00+08:00,530.89,758.3,0.7001,27.44,6.91,32.7
2026-09-25T15:00:00+08:00,540.43,765.7,0.7058,26.78,7.1,32.53
2026-09-25T15:15:00+08:00,505.11,722.1,0.6995,26.82,7.0,32.44
2026-09-25T15:30:00+08:00,519.76,742.2,0.7003,26.85,7.11,32.4
2026-09-25T15:45:00+08:00,493.4,708.1,0.6968,27.23,6.92,32.8
2026-09-25T16:00:00+08:00,473.22,680.6,0.6953,27.59,7.04,32.46
2026-09-25T16:15:00+08:00,466.79,664.0,0.703,27.22,7.08,32.1
2026-09-25T16:30:00+08:00,442.02,636.0,0.695,27.04,7.14,32.88
2026-09-25T16:45:00+08:00,426.93,614.9,0.6943,27.15,7.01,32.58
2026-09-25T17:00:00+08:00,431.15,620.8,0.6945,26.86,7.09,32.6
2026-09-25T17:15:00+08:00,407.92,591.7,0.6894,27.5,7.01,32.38
2026-09-25T17:30:00+08:00,383.13,553.1,0.6927,26.58,7.11,32.62
2026-09-25T17:45:00+08:00,374.95,544.9,0.6881,27.13,6.94,32.37
2026-09-25T18:00:00+08:00,370.35,542.8,0.6823,26.94,6.96,32.49
2026-09-25T18:15:00+08:00,347.05,510.6,0.6797,26.29,6.98,32.6
2026-09-25T18:30:00+08:00,361.91,528.8,0.6844,26.81,7.06,32.52
2026-09-25T18:45:00+08:00,349.68,513.7,0.6807,26.65,7.04,32.53
2026-09-25T19:00:00+08:00,346.19,519.5,0.6664,26.41,7.05,32.25
2026-09-25T19:15:00+08:00,348.89,519.1,0.6721,26.42,6.92,32.61
2026-09-25T19:30:00+08:00,354.47,532.0,0.6663,26.04,7.01,32.59
2026-09-25T19:45:00+08:00,335.5,508.8,0.6594,26.17,7.15,32.71
2026-09-25T20:00:00+08:00,340.23,509.1,0.6683,26.34,6.89,32.7
2026-09-25T20:15:00+08:00,350.18,531.3,0.6591,25.54,6.87,32.59
2026-09-25T20:30:00+08:00,341.38,517.4,0.6598,26.33,7.13,32.63
2026-09-25T20:45:00+08:00,342.21,524.3,0.6527,25.8,7.03,32.5
2026-09-25T21:00:00+08:00,335.15,511.6,0.6551,25.17,7.1,32.46
2026-09-25T21:15:00+08:00,355.02,539.3,0.6583,25.19,7.08,32.55
2026-09-25T21:30:00+08:00,335.22,517.8,0.6474,25.28,7.16,32.59
2026-09-25T21:45:00+08:00,325.49,501.3,0.6493,24.8,6.93,33.03
2026-09-25T22:00:00+08:00,337.7,521.7,0.6473,24.95,7.15,32.65
2026-09-25T22:15:00+08:00,348.37,541.2,0.6437,25.06,6.95,32.44
2026-09-25T22:30:00+08:00,326.57,510.9,0.6392,24.57,7.07,32.58
2026-09-25T22:45:00+08:00,326.78,512.6,0.6375,24.37,6.92,32.68
2026-09-25T23:00:00+08:00,330.16,521.0,0.6337,24.26,7.06,32.66
2026-09-25T23:15:00+08:00,330.84,521.5,0.6344,24.24,7.13,32.6
2026-09-25T23:30:00+08:00,333.28,527.6,0.6317,24.43,7.09,32.58
2026-09-25T23:45:00+08:00,311.01,498.9,0.6234,24.51,7.1,32.55
2026-09-26T00:00:00+08:00,321.29,513.9,0.6252,23.83,7.07,32.75
2026-09-26T00:15:00+08:00,331.17,520.7,0.636,23.69,6.85,32.63
2026-09-26T00:30:00+08:00,328.32,520.4,0.6309,24.63,6.98,32.84
2026-09-26T00:45:00+08:00,322.76,511.5,0.631,23.94,7.05,32.6
2026-09-26T01:00:00+08:00,326.86,520.9,0.6275,23.71,7.07,32.56
2026-09-26T01:15:00+08:00,336.34,539.0,0.624,23.83,6.93,32.43
2026-09-26T01:30:00+08:00,327.7,524.4,0.6249,24.18,7.11,32.29
2026-09-26T01:45:00+08:00,313.28,497.5,0.6297,23.72,6.92,32.42
2026-09-26T02:00:00+08:00,324.44,522.7,0.6207,23.87,7.07,32.62
2026-09-26T02:15:00+08:00,310.23,492.9,0.6294,23.58,6.95,32.7
2026-09-26T02:30:00+08:00,337.03,533.1,0.6322,23.68,6.98,32.52
2026-09-26T02:45:00+08:00,310.64,500.3,0.6209,23.34,6.9,32.37
2026-09-26T03:00:00+08:00,324.56,518.8,0.6256,23.53,7.01,32.41
2026-09-26T03:15:00+08:00,323.39,512.1,0.6315,23.66,7.08,32.7
2026-09-26T03:30:00+08:00,325.22,515.4,0.631,24.15,7.02,32.63
2026-09-26T03:45:00+08:00,330.53,524.4,0.6303,23.86,7.1,32.75
2026-09-26T04:00:00+08:00,330.41,522.8,0.632,23.21,7.02,32.39
2026-09-26T04:15:00+08:00,338.31,532.6,0.6352,23.14,7.08,32.67
2026-09-26T04:30:00+08:00,334.36,523.5,0.6387,24.66,7.14,32.73
2026-09-26T04:45:00+08:00,339.86,524.8,0.6476,23.59,7.01,32.85
2026-09-26T05:00:00+08:00,343.55,537.3,0.6394,24.06,7.09,32.61
2026-09-26T05:15:00+08:00,333.45,523.8,0.6366,24.11,7.08,33.05
2026-09-26T05:30:00+08:00,331.21,513.1,0.6455,24.23,7.11,32.36
2026-09-26T05:45:00+08:00,323.48,506.3,0.6389,24.04,6.98,32.64
2026-09-26T06:00:00+08:00,314.36,489.2,0.6426,23.4,7.08,32.5
2026-09-26T06:15:00+08:00,352.93,543.3,0.6496,24.28,7.13,32.29
2026-09-26T06:30:00+08:00,354.26,548.9,0.6454,24.52,7.08,32.23
2026-09-26T06:45:00+08:00,385.58,588.4,0.6553,24.36,7.1,32.65
2026-09-26T07:00:00+08:00,395.56,596.8,0.6628,24.17,7.04,32.44
2026-09-26T07:15:00+08:00,409.73,619.4,0.6615,24.71,7.14,32.58
2026-09-26T07:30:00+08:00,428.64,638.9,0.6709,24.45,7.08,32.41
2026-09-26T07:45:00+08:00,464.65,696.1,0.6675,25.26,7.04,32.3
2026-09-26T08:00:00+08:00,469.84,706.0,0.6655,25.44,7.12,32.38
2026-09-26T08:15:00+08:00,471.06,703.6,0.6695,25.68,6.91,32.65
2026-09-26T08:30:00+08:00,482.76,716.8,0.6735,24.87,6.98,32.7
2026-09-26T08:45:00+08:00,489.89,727.6,0.6733,25.47,7.03,32.57
2026-09-26T09:00:00+08:00,523.62,782.1,0.6695,25.5,7.02,32.81
2026-09-26T09:15:00+08:00,523.38,769.9,0.6798,25.6,6.92,32.54
2026-09-26T09:30:00+08:00,532.8,782.5,0.6809,25.5,7.03,32.38
2026-09-26T09:45:00+08:00,528.27,772.1,0.6842,26.15,7.02,32.58
2026-09-26T10:00:00+08:00,549.14,789.9,0.6952,25.72,7.16,32.27
2026-09-26T10:15:00+08:00,570.34,826.7,0.6899,25.94,7.02,32.44
2026-09-26T10:30:00+08:00,563.32,807.4,0.6977,26.0,7.09,32.92
2026-09-26T10:45:00+08:00,598.93,856.6,0.6992,26.66,7.1,33.02
2026-09-26T11:00:00+08:00,585.98,849.0,0.6902,25.89,6.97,32.79
2026-09-26T11:15:00+08:00,566.88,818.6,0.6925,26.28,7.07,32.28
2026-09-26T11:30:00+08:00,590.46,838.6,0.7041,26.8,7.01,32.52
2026-09-26T11:45:00+08:00,598.57,857.8,0.6978,26.44,7.02,32.99
2026-09-26T12:00:00+08:00,605.98,859.3,0.7052,26.84,7.03,32.7
2026-09-26T12:15:00+08:00,592.02,847.2,0.6988,27.36,6.96,32.94
2026-09-26T12:30:00+08:00,589.44,842.3,0.6998,26.78,7.03,32.47
2026-09-26T12:45:00+08:00,592.36,831.5,0.7124,27.42,7.0,32.66
2026-09-26T13:00:00+08:00,601.83,848.6,0.7092,26.88,7.15,32.63
2026-09-26T13:15:00+08:00,592.1,832.3,0.7114,26.96,6.94,32.9
2026-09-26T13:30:00+08:00,588.59,829.0,0.71,27.1,7.06,32.39
2026-09-26T13:45:00+08:00,594.49,837.9,0.7095,27.11,7.06,32.88
2026-09-26T14:00:00+08:00,566.73,801.6,0.707,26.85,7.0,32.56
2026-09-26T14:15:00+08:00,573.03,809.6,0.7078,27.13,7.06,32.78
2026-09-26T14:30:00+08:00,551.37,771.9,0.7143,27.85,7.12,32.78
2026-09-26T14:45:00+08:00,543.6,767.8,0.708,26.87,6.99,32.28
2026-09-26T15:00:00+08:00,535.47,754.5,0.7097,27.1,7.04,32.17
2026-09-26T15:15:00+08:00,506.3,714.2,0.7089,27.11,7.12,33.0
2026-09-26T15:30:00+08:00,517.54,738.4,0.7009,27.48,6.94,32.84
2026-09-26T15:45:00+08:00,502.18,708.2,0.7091,27.41,7.13,32.77
2026-09-26T16:00:00+08:00,478.75,681.5,0.7025,27.44,7.07,32.49
2026-09-26T16:15:00+08:00,462.25,650.5,0.7106,27.2,7.17,32.53
2026-09-26T16:30:00+08:00,450.3,640.0,0.7036,27.14,7.2,32.62
2026-09-26T16:45:00+08:00,448.71,647.4,0.6931,26.68,7.03,33.04
2026-09-26T17:00:00+08:00,425.56,612.5,0.6948,26.92,7.14,32.6
2026-09-26T17:15:00+08:00,404.62,579.1,0.6987,26.63,7.11,32.42
2026-09-26T17:30:00+08:00,390.63,562.3,0.6947,26.6,7.19,32.88
2026-09-26T17:45:00+08:00,367.1,529.5,0.6933,26.79,7.03,32.98
2026-09-26T18:00:00+08:00,362.84,523.5,0.6931,26.75,7.08,32.82
2026-09-26T18:15:00+08:00,368.48,537.3,0.6858,26.3,7.19,32.42
2026-09-26T18:30:00+08:00,348.0,509.3,0.6833,26.35,6.99,32.48
2026-09-26T18:45:00+08:00,353.89,516.4,0.6853,25.84,7.09,33.16
2026-09-26T19:00:00+08:00,344.59,509.6,0.6762,26.63,7.06,32.34
2026-09-26T19:15:00+08:00,342.16,506.0,0.6762,26.36,7.18,32.57
2026-09-26T19:30:00+08:00,347.29,511.4,0.6791,25.72,7.15,32.42
2026-09-26T19:45:00+08:00,353.11,522.9,0.6753,26.09,7.05,32.66
2026-09-26T20:00:00+08:00,358.65,531.8,0.6744,25.71,7.06,32.78
2026-09-26T20:15:00+08:00,349.14,525.5,0.6644,25.78,7.11,32.55
2026-09-26T20:30:00+08:00,349.59,525.3,0.6655,25.85,7.11,32.96
2026-09-26T20:45:00+08:00,339.62,510.1,0.6658,26.18,7.13,32.58
2026-09-26T21:00:00+08:00,338.48,512.7,0.6602,25.5,7.11,32.58
2026-09-26T21:15:00+08:00,361.85,547.1,0.6614,25.47,7.1,32.84
2026-09-26T21:30:00+08:00,328.15,506.8,0.6475,25.72,7.08,32.38
2026-09-26T21:45:00+08:00,346.2,532.2,0.6505,25.51,7.04,32.7
2026-09-26T22:00:00+08:00,359.35,550.9,0.6523,25.1,7.0,32.39
2026-09-26T22:15:00+08:00,350.51,536.6,0.6532,24.69,7.07,32.61
2026-09-26T22:30:00+08:00,336.33,514.9,0.6532,24.68,7.14,32.66
2026-09-26T22:45:00+08:00,327.27,511.6,0.6397,24.57,7.12,32.72
2026-09-26T23:00:00+08:00,326.35,509.6,0.6404,24.73,7.33,32.41
2026-09-26T23:15:00+08:00,329.58,510.1,0.6461,24.66,7.1,32.63
2026-09-26T23:30:00+08:00,331.7,519.5,0.6385,24.38,7.11,33.02
2026-09-26T23:45:00+08:00,326.51,513.7,0.6356,24.05,7.07,32.27
2026-09-27T00:00:00+08:00,337.96,530.8,0.6367,24.25,7.06,32.66
2026-09-27T00:15:00+08:00,330.61,519.5,0.6364,24.55,7.05,32.52
2026-09-27T00:30:00+08:00,325.95,514.2,0.6339,24.04,7.09,32.72
2026-09-27T00:45:00+08:00,318.1,505.8,0.6289,24.2,7.04,32.81
2026-09-27T01:00:00+08:00,334.51,528.2,0.6333,23.79,7.07,32.57
2026-09-27T01:15:00+08:00,335.37,531.4,0.6311,23.9,7.21,32.69
2026-09-27T01:30:00+08:00,329.11,522.9,0.6294,24.27,7.12,32.61
2026-09-27T01:45:00+08:00,340.06,537.9,0.6322,24.18,7.02,32.53
2026-09-27T02:00:00+08:00,323.92,516.2,0.6275,23.63,6.95,32.66
2026-09-27T02:15:00+08:00,341.33,535.5,0.6374,23.47,7.07,33.29
2026-09-27T02:30:00+08:00,330.18,519.8,0.6352,23.71,6.99,32.58
2026-09-27T02:45:00+08:00,329.35,520.3,0.633,23.57,6.97,32.51
2026-09-27T03:00:00+08:00,343.4,536.9,0.6396,23.55,6.99,32.69
2026-09-27T03:15:00+08:00,342.79,541.7,0.6328,23.53,7.09,32.71
2026-09-27T03:30:00+08:00,326.27,514.3,0.6344,23.31,6.93,32.69
2026-09-27T03:45:00+08:00,329.03,517.5,0.6358,23.76,7.03,32.38
2026-09-27T04:00:00+08:00,328.27,513.8,0.6389,23.37,7.09,32.57
2026-09-27T04:15:00+08:00,325.39,504.8,0.6446,23.64,7.22,32.69
2026-09-27T04:30:00+08:00,340.09,530.9,0.6406,24.4,7.12,33.12
2026-09-27T04:45:00+08:00,329.98,511.2,0.6455,23.47,7.14,32.6
2026-09-27T05:00:00+08:00,329.25,511.9,0.6432,23.56,7.11,32.41
2026-09-27T05:15:00+08:00,340.2,531.4,0.6402,24.72,7.08,33.01
2026-09-27T05:30:00+08:00,349.82,536.7,0.6518,24.27,6.9,32.86
2026-09-27T05:45:00+08:00,348.18,536.4,0.6491,24.0,7.07,32.51
2026-09-27T06:00:00+08:00,337.94,514.6,0.6567,24.32,7.13,32.5
2026-09-27T06:15:00+08:00,354.07,545.9,0.6486,24.13,7.29,32.78
2026-09-27T06:30:00+08:00,362.15,549.8,0.6587,24.19,7.13,32.69
2026-09-27T06:45:00+08:00,394.8,592.7,0.6661,24.57,6.94,32.59
2026-09-27T07:00:00+08:00,387.88,579.1,0.6698,24.57,6.96,32.6
2026-09-27T07:15:00+08:00,431.09,643.9,0.6695,24.88,7.1,33.01
2026-09-27T07:30:00+08:00,427.92,646.7,0.6617,24.73,7.08,32.74
2026-09-27T07:45:00+08:00,446.88,665.3,0.6717,25.23,7.02,32.47
2026-09-27T08:00:00+08:00,476.2,703.5,0.6769,24.97,7.22,32.45
2026-09-27T08:15:00+08:00,468.66,694.0,0.6753,25.14,6.91,32.9
2026-09-27T08:30:00+08:00,471.07,688.6,0.6841,24.89,7.04,32.64
2026-09-27T08:45:00+08:00,495.96,726.9,0.6823,25.19,6.98,32.54
2026-09-27T09:00:00+08:00,527.05,764.5,0.6894,25.48,7.13,32.58
2026-09-27T09:15:00+08:00,518.44,760.4,0.6818,25.6,7.23,32.84
2026-09-27T09:30:00+08:00,542.42,783.5,0.6923,25.63,7.01,32.65
2026-09-27T09:45:00+08:00,548.33,793.3,0.6912,25.86,7.12,32.52
2026-09-27T10:00:00+08:00,557.85,801.4,0.6961,25.91,7.04,32.82
2026-09-27T10:15:00+08:00,575.82,825.9,0.6972,25.75,7.26,32.81
2026-09-27T10:30:00+08:00,572.39,821.1,0.6971,26.41,7.07,32.68
2026-09-27T10:45:00+08:00,582.29,836.5,0.6961,26.69,6.95,32.62
2026-09-27T11:00:00+08:00,584.33,831.2,0.703,26.67,7.01,32.58
2026-09-27T11:15:00+08:00,580.61,829.8,0.6997,26.13,7.0,33.0
2026-09-27T11:30:00+08:00,595.86,844.0,0.706,26.7,7.07,32.71
2026-09-27T11:45:00+08:00,608.77,856.1,0.7111,27.46,7.17,32.88
2026-09-27T12:00:00+08:00,602.76,844.8,0.7135,26.54,7.12,32.89
2026-09-27T12:15:00+08:00,622.71,869.1,0.7165,26.75,7.14,32.4
2026-09-27T12:30:00+08:00,602.69,842.8,0.7151,26.8,7.01,32.89
2026-09-27T12:45:00+08:00,602.84,842.9,0.7152,27.05,7.29,32.73
2026-09-27T13:00:00+08:00,603.96,847.9,0.7123,27.09,7.22,32.71
2026-09-27T13:15:00+08:00,603.54,852.1,0.7083,26.75,7.12,32.73
2026-09-27T13:30:00+08:00,600.17,844.0,0.7111,27.33,7.16,32.72
2026-09-27T13:45:00+08:00,565.79,792.2,0.7142,27.58,7.14,32.6
2026-09-27T14:00:00+08:00,571.33,803.1,0.7114,27.26,7.04,32.97
2026-09-27T14:15:00+08:00,571.94,792.6,0.7216,27.23,7.21,32.75
2026-09-27T14:30:00+08:00,556.8,778.3,0.7154,27.68,7.05,33.05
2026-09-27T14:45:00+08:00,569.62,798.8,0.7131,27.19,7.04,32.69
2026-09-27T15:00:00+08:00,520.4,725.6,0.7172,26.76,7.14,32.96
2026-09-27T15:15:00+08:00,511.36,718.6,0.7116,27.25,7.15,32.48
2026-09-27T15:30:00+08:00,507.49,717.7,0.7071,27.24,7.2,32.64
2026-09-27T15:45:00+08:00,501.27,699.7,0.7164,26.75,7.04,33.0
2026-09-27T16:00:00+08:00,469.28,663.1,0.7077,27.36,7.09,32.97
2026-09-27T16:15:00+08:00,470.87,661.7,0.7116,27.0,7.08,32.74
2026-09-27T16:30:00+08:00,441.43,629.8,0.7009,27.09,7.17,32.95
2026-09-27T16:45:00+08:00,420.51,599.1,0.7019,26.7,7.02,32.86
2026-09-27T17:00:00+08:00,413.0,586.9,0.7037,27.16,7.07,33.1
2026-09-27T17:15:00+08:00,409.17,586.2,0.698,26.9,7.1,32.79
2026-09-27T17:30:00+08:00,393.3,555.9,0.7075,26.65,7.18,32.53
2026-09-27T17:45:00+08:00,380.81,548.4,0.6944,27.03,7.12,32.65
2026-09-27T18:00:00+08:00,365.43,521.6,0.7006,26.79,7.16,32.82
2026-09-27T18:15:00+08:00,355.82,513.6,0.6928,26.81,7.2,32.75
2026-09-27T18:30:00+08:00,371.78,535.7,0.694,27.07,7.09,33.02
2026-09-27T18:45:00+08:00,356.89,515.0,0.693,26.57,7.12,32.83
2026-09-27T19:00:00+08:00,348.79,506.6,0.6885,26.37,7.05,32.53
2026-09-27T19:15:00+08:00,349.03,517.7,0.6742,26.49,7.03,32.95
2026-09-27T19:30:00+08:00,359.15,528.4,0.6797,25.95,7.05,32.89
2026-09-27T19:45:00+08:00,361.51,535.1,0.6756,25.83,7.02,32.89
2026-09-27T20:00:00+08:00,338.95,502.6,0.6744,25.55,7.0,32.91
2026-09-27T20:15:00+08:00,359.53,528.8,0.6799,25.65,7.1,32.54
2026-09-27T20:30:00+08:00,345.92,512.4,0.6751,25.55,7.04,32.64
2026-09-27T20:45:00+08:00,344.52,519.4,0.6633,25.23,6.98,32.66
2026-09-27T21:00:00+08:00,338.99,508.0,0.6673,25.22,7.02,32.76
2026-09-27T21:15:00+08:00,353.16,534.2,0.6611,25.24,7.18,33.27
2026-09-27T21:30:00+08:00,349.95,526.0,0.6653,24.86,7.08,32.58
2026-09-27T21:45:00+08:00,344.0,519.8,0.6618,25.08,7.25,32.76
2026-09-27T22:00:00+08:00,334.99,508.8,0.6584,25.04,7.15,32.84
2026-09-27T22:15:00+08:00,353.21,544.4,0.6488,24.56,7.15,33.12
2026-09-27T22:30:00+08:00,339.83,524.1,0.6484,24.77,7.12,32.87
2026-09-27T22:45:00+08:00,347.5,527.4,0.6589,24.16,7.06,32.69
2026-09-27T23:00:00+08:00,335.15,518.0,0.647,24.01,7.16,32.93
2026-09-27T23:15:00+08:00,338.14,524.0,0.6453,24.78,7.11,32.51
2026-09-27T23:30:00+08:00,339.05,524.6,0.6463,24.22,7.12,32.95
2026-09-27T23:45:00+08:00,322.08,499.5,0.6448,24.31,7.04,32.82
2026-09-28T00:00:00+08:00,344.39,540.9,0.6367,23.95,7.24,32.97
2026-09-28T00:15:00+08:00,331.51,519.2,0.6385,24.48,7.04,32.84
2026-09-28T00:30:00+08:00,330.54,513.5,0.6437,24.34,7.15,32.82
2026-09-28T00:45:00+08:00,331.38,516.9,0.6411,23.93,7.09,32.87
2026-09-28T01:00:00+08:00,331.68,516.8,0.6418,23.88,7.15,32.97
2026-09-28T01:15:00+08:00,324.75,507.1,0.6404,23.63,7.19,32.78
2026-09-28T01:30:00+08:00,329.92,515.1,0.6405,23.51,7.14,32.69
2026-09-28T01:45:00+08:00,327.98,516.5,0.635,23.77,7.2,32.77
2026-09-28T02:00:00+08:00,340.77,530.8,0.642,23.47,7.15,32.77
2026-09-28T02:15:00+08:00,334.95,526.9,0.6357,23.24,7.19,32.56
2026-09-28T02:30:00+08:00,335.05,525.4,0.6377,24.12,7.21,32.68
2026-09-28T02:45:00+08:00,336.74,527.8,0.638,23.86,7.01,32.42
2026-09-28T03:00:00+08:00,321.99,505.8,0.6366,23.92,7.14,32.65
2026-09-28T03:15:00+08:00,331.2,515.0,0.6431,23.7,7.22,32.82
2026-09-28T03:30:00+08:00,333.7,522.3,0.6389,24.06,7.04,32.88
2026-09-28T03:45:00+08:00,328.56,512.1,0.6416,23.41,7.07,32.7
2026-09-28T04:00:00+08:00,334.93,522.1,0.6415,23.85,7.04,32.96
2026-09-28T04:15:00+08:00,335.23,521.6,0.6427,24.23,6.96,32.72
2026-09-28T04:30:00+08:00,350.95,536.7,0.6539,23.63,7.04,32.69
2026-09-28T04:45:00+08:00,328.89,508.8,0.6464,24.12,7.15,32.5
2026-09-28T05:00:00+08:00,335.63,520.2,0.6452,23.83,7.06,32.78
2026-09-28T05:15:00+08:00,348.38,532.2,0.6546,24.49,7.14,32.67
2026-09-28T05:30:00+08:00,331.29,505.4,0.6555,23.53,7.14,32.74
2026-09-28T05:45:00+08:00,342.22,520.8,0.6571,24.16,7.1,32.5
2026-09-28T06:00:00+08:00,344.16,518.7,0.6635,24.57,7.25,33.04
2026-09-28T06:15:00+08:00,356.57,541.4,0.6586,24.51,7.22,32.9
2026-09-28T06:30:00+08:00,375.97,559.9,0.6715,24.35,7.2,32.64
2026-09-28T06:45:00+08:00,386.35,582.9,0.6628,24.31,7.17,32.72
2026-09-28T07:00:00+08:00,401.66,602.1,0.6671,24.66,7.16,32.84
2026-09-28T07:15:00+08:00,427.04,635.0,0.6725,24.9,7.24,32.8
2026-09-28T07:30:00+08:00,424.56,626.1,0.6781,24.92,7.19,32.46
2026-09-28T07:45:00+08:00,452.81,666.1,0.6798,25.19,7.22,32.91
2026-09-28T08:00:00+08:00,456.2,665.6,0.6854,24.87,7.21,32.48
2026-09-28T08:15:00+08:00,480.78,698.5,0.6883,25.36,7.23,33.2
2026-09-28T08:30:00+08:00,498.63,721.5,0.6911,25.05,7.16,32.41
2026-09-28T08:45:00+08:00,521.17,755.1,0.6902,25.49,6.96,33.0
2026-09-28T09:00:00+08:00,516.48,754.2,0.6848,25.25,7.18,32.69
2026-09-28T09:15:00+08:00,528.55,758.0,0.6973,25.86,7.1,32.75
2026-09-28T09:30:00+08:00,535.6,770.1,0.6955,26.15,7.09,32.73
2026-09-28T09:45:00+08:00,556.99,793.1,0.7023,25.07,7.34,32.73
2026-09-28T10:00:00+08:00,564.47,802.6,0.7033,26.0,7.1,32.81
2026-09-28T10:15:00+08:00,586.37,830.9,0.7057,26.49,7.13,32.59
2026-09-28T10:30:00+08:00,584.13,823.3,0.7095,26.36,7.19,32.73
2026-09-28T10:45:00+08:00,570.2,811.1,0.703,26.57,7.23,32.65
2026-09-28T11:00:00+08:00,587.73,837.7,0.7016,25.88,7.17,33.02
2026-09-28T11:15:00+08:00,623.94,863.7,0.7224,26.22,7.1,32.81
2026-09-28T11:30:00+08:00,599.77,839.9,0.7141,26.45,6.96,33.04
2026-09-28T11:45:00+08:00,606.28,848.3,0.7147,26.48,7.27,33.06
2026-09-28T12:00:00+08:00,601.67,839.5,0.7167,26.68,7.07,32.7
2026-09-28T12:15:00+08:00,606.17,845.9,0.7166,26.46,7.09,32.78
2026-09-28T12:30:00+08:00,606.94,850.3,0.7138,27.06,7.19,32.84
2026-09-28T12:45:00+08:00,598.83,839.4,0.7134,27.35,7.17,33.2
2026-09-28T13:00:00+08:00,602.01,835.2,0.7208,27.22,7.11,32.63
2026-09-28T13:15:00+08:00,600.78,822.2,0.7307,27.52,6.99,32.6
2026-09-28T13:30:00+08:00,608.63,832.6,0.731,27.02,7.12,32.84
2026-09-28T13:45:00+08:00,595.79,830.6,0.7173,27.43,7.17,32.99
2026-09-28T14:00:00+08:00,576.02,800.8,0.7193,27.18,7.29,32.71
2026-09-28T14:15:00+08:00,579.76,801.0,0.7238,27.2,7.09,32.98
2026-09-28T14:30:00+08:00,550.59,756.3,0.728,27.61,7.26,32.96
2026-09-28T14:45:00+08:00,538.97,749.5,0.7191,27.31,7.2,32.85
2026-09-28T15:00:00+08:00,549.56,759.8,0.7233,27.63,7.16,32.96
2026-09-28T15:15:00+08:00,532.54,738.2,0.7214,27.18,7.07,32.62
2026-09-28T15:30:00+08:00,511.32,701.2,0.7292,27.53,7.11,32.86
2026-09-28T15:45:00+08:00,512.84,710.7,0.7216,27.08,7.06,32.72
2026-09-28T16:00:00+08:00,489.11,681.5,0.7177,26.74,7.11,32.75
2026-09-28T16:15:00+08:00,474.41,664.9,0.7135,27.61,7.28,33.04
2026-09-28T16:30:00+08:00,465.57,646.0,0.7207,26.86,7.21,32.65
2026-09-28T16:45:00+08:00,451.01,632.2,0.7134,27.11,7.16,32.7
2026-09-28T17:00:00+08:00,414.84,584.7,0.7095,27.33,7.13,32.62
2026-09-28T17:15:00+08:00,436.63,616.1,0.7087,27.44,7.37,32.85
2026-09-28T17:30:00+08:00,401.45,562.1,0.7142,27.7,7.22,33.05
2026-09-28T17:45:00+08:00,364.23,520.1,0.7003,27.28,6.93,32.91
2026-09-28T18:00:00+08:00,368.79,523.1,0.705,26.4,7.11,33.06
2026-09-28T18:15:00+08:00,366.41,522.7,0.701,26.56,7.13,32.68
2026-09-28T18:30:00+08:00,367.34,525.0,0.6997,26.51,7.18,33.05
2026-09-28T18:45:00+08:00,363.36,515.4,0.705,26.52,7.17,33.03
2026-09-28T19:00:00+08:00,345.6,497.2,0.6951,26.3,6.97,32.78
2026-09-28T19:15:00+08:00,348.91,505.3,0.6905,26.16,7.3,33.11
2026-09-28T19:30:00+08:00,361.95,527.7,0.6859,25.87,7.13,32.37
2026-09-28T19:45:00+08:00,347.24,512.3,0.6778,25.68,7.05,32.89
2026-09-28T20:00:00+08:00,360.63,534.5,0.6747,25.46,7.09,33.13
2026-09-28T20:15:00+08:00,352.74,516.3,0.6832,25.99,7.05,32.29
2026-09-28T20:30:00+08:00,347.45,513.9,0.6761,25.6,7.16,32.62
2026-09-28T20:45:00+08:00,352.81,517.7,0.6815,25.67,7.11,32.69
2026-09-28T21:00:00+08:00,343.86,512.3,0.6712,25.26,7.12,32.74
2026-09-28T21:15:00+08:00,351.97,520.9,0.6757,25.21,7.22,33.14
2026-09-28T21:30:00+08:00,338.46,500.6,0.6761,25.19,7.09,32.43
2026-09-28T21:45:00+08:00,343.18,517.0,0.6638,24.88,7.19,33.1
2026-09-28T22:00:00+08:00,343.92,520.3,0.661,24.99,7.08,32.69
2026-09-28T22:15:00+08:00,335.01,503.4,0.6655,25.4,7.22,32.89
2026-09-28T22:30:00+08:00,339.25,514.4,0.6595,24.75,7.18,32.94
2026-09-28T22:45:00+08:00,340.29,518.1,0.6568,24.68,7.17,32.75
2026-09-28T23:00:00+08:00,332.15,510.6,0.6505,25.33,7.12,33.16
2026-09-28T23:15:00+08:00,342.43,522.8,0.655,24.35,7.05,32.9
2026-09-28T23:30:00+08:00,338.32,514.4,0.6577,24.72,7.14,32.93
2026-09-28T23:45:00+08:00,342.5,529.2,0.6472,24.62,7.05,33.24
2026-09-29T00:00:00+08:00,348.04,534.3,0.6514,24.07,7.04,33.16
2026-09-29T00:15:00+08:00,328.36,504.7,0.6506,23.86,7.19,33.06
2026-09-29T00:30:00+08:00,349.61,537.7,0.6502,24.39,7.06,32.65
2026-09-29T00:45:00+08:00,336.39,521.7,0.6448,24.11,7.15,32.84
2026-09-29T01:00:00+08:00,336.27,516.7,0.6508,24.5,7.27,32.69
2026-09-29T01:15:00+08:00,330.81,511.7,0.6465,24.34,7.21,32.74
2026-09-29T01:30:00+08:00,336.12,517.1,0.65,24.18,7.19,33.06
2026-09-29T01:45:00+08:00,333.91,518.5,0.644,23.87,7.1,33.28
2026-09-29T02:00:00+08:00,326.35,506.6,0.6442,23.56,7.17,32.78
2026-09-29T02:15:00+08:00,347.42,537.8,0.646,23.58,7.28,32.58
2026-09-29T02:30:00+08:00,324.9,502.7,0.6463,23.51,7.09,32.89
2026-09-29T02:45:00+08:00,326.98,507.5,0.6443,23.57,7.17,32.9
2026-09-29T03:00:00+08:00,339.22,522.2,0.6496,23.5,7.18,32.96
2026-09-29T03:15:00+08:00,336.45,520.5,0.6464,23.71,7.26,33.15
2026-09-29T03:30:00+08:00,348.39,536.4,0.6495,23.08,7.18,32.7
2026-09-29T03:45:00+08:00,345.23,531.2,0.6499,23.69,7.08,33.12
2026-09-29T04:00:00+08:00,320.82,491.9,0.6522,23.77,7.16,33.04
2026-09-29T04:15:00+08:00,343.14,524.6,0.6541,24.01,7.32,33.06
2026-09-29T04:30:00+08:00,325.55,499.0,0.6524,23.45,7.16,33.18
2026-09-29T04:45:00+08:00,342.94,527.2,0.6505,24.11,7.14,32.89
2026-09-29T05:00:00+08:00,348.46,537.0,0.6489,23.48,7.14,32.95
2026-09-29T05:15:00+08:00,347.82,527.8,0.659,23.58,7.02,32.75
2026-09-29T05:30:00+08:00,351.68,526.0,0.6686,23.86,7.07,33.0
2026-09-29T05:45:00+08:00,339.57,509.4,0.6666,24.58,7.06,32.99
2026-09-29T06:00:00+08:00,346.3,522.4,0.6629,23.41,7.07,32.74
2026-09-29T06:15:00+08:00,357.04,533.3,0.6695,24.39,7.26,32.68
2026-09-29T06:30:00+08:00,381.27,568.3,0.6709,24.33,7.08,32.88
2026-09-29T06:45:00+08:00,388.37,578.1,0.6718,24.81,7.22,32.62
2026-09-29T07:00:00+08:00,425.3,629.7,0.6754,24.82,7.16,33.14
2026-09-29T07:15:00+08:00,421.69,632.6,0.6666,24.95,7.24,32.91
2026-09-29T07:30:00+08:00,445.31,651.9,0.6831,24.97,7.18,33.27
2026-09-29T07:45:00+08:00,469.32,678.5,0.6917,24.9,7.28,32.76
2026-09-29T08:00:00+08:00,457.13,665.6,0.6868,25.11,7.1,33.17
2026-09-29T08:15:00+08:00,494.9,712.9,0.6942,25.16,7.09,33.05
2026-09-29T08:30:00+08:00,496.48,715.8,0.6936,24.92,7.05,32.96
2026-09-29T08:45:00+08:00,502.51,728.7,0.6896,25.72,7.26,32.84
2026-09-29T09:00:00+08:00,531.5,766.4,0.6935,25.84,7.32,32.67
2026-09-29T09:15:00+08:00,532.86,759.6,0.7015,25.58,7.14,32.78
2026-09-29T09:30:00+08:00,555.78,789.8,0.7037,26.0,7.07,32.83
2026-09-29T09:45:00+08:00,563.61,812.0,0.6941,25.8,7.11,32.81
2026-09-29T10:00:00+08:00,554.92,790.6,0.7019,25.67,7.18,32.94
2026-09-29T10:15:00+08:00,582.7,822.9,0.7081,26.35,7.16,33.26
2026-09-29T10:30:00+08:00,587.47,828.7,0.7089,26.05,7.2,33.02
2026-09-29T10:45:00+08:00,592.22,821.5,0.7209,26.42,7.22,32.89
2026-09-29T11:00:00+08:00,618.79,858.6,0.7207,27.19,7.19,33.06
2026-09-29T11:15:00+08:00,605.23,834.8,0.725,26.52,7.17,32.84
2026-09-29T11:30:00+08:00,622.9,857.4,0.7265,26.77,7.17,32.72
2026-09-29T11:45:00+08:00,610.76,847.1,0.721,26.45,7.15,32.73
2026-09-29T12:00:00+08:00,630.72,869.6,0.7253,26.49,7.25,33.2
2026-09-29T12:15:00+08:00,604.46,840.7,0.719,27.0,7.26,32.52
2026-09-29T12:30:00+08:00,622.22,852.0,0.7303,27.57,7.21,33.14
2026-09-29T12:45:00+08:00,627.47,865.6,0.7249,26.72,7.23,32.88
2026-09-29T13:00:00+08:00,605.78,838.1,0.7228,26.89,7.21,32.85
2026-09-29T13:15:00+08:00,606.01,833.0,0.7275,26.61,7.1,32.85
2026-09-29T13:30:00+08:00,576.95,792.3,0.7282,27.52,7.11,32.79
2026-09-29T13:45:00+08:00,596.93,817.6,0.7301,27.01,7.34,32.94
2026-09-29T14:00:00+08:00,592.14,812.6,0.7287,27.57,7.16,32.8
2026-09-29T14:15:00+08:00,559.79,769.9,0.7271,27.17,7.23,33.19
2026-09-29T14:30:00+08:00,566.91,781.3,0.7256,27.26,7.23,32.92
2026-09-29T14:45:00+08:00,546.46,755.3,0.7235,27.28,7.11,32.96
2026-09-29T15:00:00+08:00,540.11,748.9,0.7212,26.75,7.28,32.88
2026-09-29T15:15:00+08:00,543.18,748.7,0.7255,27.46,7.18,32.78
2026-09-29T15:30:00+08:00,519.41,721.0,0.7204,28.05,7.21,32.91
2026-09-29T15:45:00+08:00,516.58,709.2,0.7284,27.1,7.18,32.97
2026-09-29T16:00:00+08:00,494.23,683.3,0.7233,27.33,7.32,32.77
2026-09-29T16:15:00+08:00,477.48,659.6,0.7239,27.45,7.19,32.42
2026-09-29T16:30:00+08:00,462.7,647.4,0.7147,27.89,7.25,33.17
2026-09-29T16:45:00+08:00,449.23,621.6,0.7227,27.5,7.12,32.91
2026-09-29T17:00:00+08:00,442.26,611.7,0.723,27.04,7.37,32.72
2026-09-29T17:15:00+08:00,404.12,566.0,0.714,27.08,7.32,32.8
2026-09-29T17:30:00+08:00,406.41,568.4,0.715,27.06,7.25,33.01
2026-09-29T17:45:00+08:00,382.78,541.8,0.7065,26.58,7.11,32.67
2026-09-29T18:00:00+08:00,368.82,521.0,0.7079,26.35,7.18,33.14
2026-09-29T18:15:00+08:00,365.0,514.3,0.7097,26.28,7.32,32.87
2026-09-29T18:30:00+08:00,361.27,514.7,0.7019,26.75,7.11,33.22
2026-09-29T18:45:00+08:00,368.94,523.4,0.7049,26.34,7.28,33.15
2026-09-29T19:00:00+08:00,353.14,506.8,0.6968,26.55,7.43,32.88
2026-09-29T19:15:00+08:00,347.73,500.4,0.6949,26.37,7.1,33.24
2026-09-29T19:30:00+08:00,358.13,521.3,0.687,26.64,7.2,33.22
2026-09-29T19:45:00+08:00,363.48,526.1,0.6909,25.72,7.18,33.1
2026-09-29T20:00:00+08:00,368.74,536.2,0.6877,26.01,7.15,32.89
2026-09-29T20:15:00+08:00,353.03,510.9,0.691,25.98,7.18,32.68
2026-09-29T20:30:00+08:00,351.02,511.4,0.6864,25.69,7.18,33.01
2026-09-29T20:45:00+08:00,340.91,499.5,0.6825,25.64,7.13,32.69
2026-09-29T21:00:00+08:00,341.69,499.7,0.6838,25.27,7.21,32.97
2026-09-29T21:15:00+08:00,365.19,541.5,0.6744,25.53,7.11,33.12
2026-09-29T21:30:00+08:00,343.44,511.0,0.6721,24.84,7.18,32.44
2026-09-29T21:45:00+08:00,342.15,511.2,0.6693,25.09,7.15,33.14
2026-09-29T22:00:00+08:00,343.71,513.0,0.67,24.79,7.12,32.68
2026-09-29T22:15:00+08:00,362.03,541.8,0.6682,24.93,7.39,33.04
2026-09-29T22:30:00+08:00,346.27,520.7,0.665,24.65,7.3,32.78
2026-09-29T22:45:00+08:00,345.03,516.9,0.6675,24.88,7.25,32.95
2026-09-29T23:00:00+08:00,357.14,543.1,0.6576,24.81,7.21,32.37
2026-09-29T23:15:00+08:00,337.07,515.4,0.654,24.5,7.14,32.9
2026-09-29T23:30:00+08:00,343.04,521.9,0.6573,24.36,7.16,32.8
2026-09-29T23:45:00+08:00,340.15,510.2,0.6667,24.59,7.19,32.79
2026-09-30T00:00:00+08:00,332.56,503.5,0.6605,24.56,7.19,33.11
2026-09-30T00:15:00+08:00,347.07,531.1,0.6535,23.72,7.43,33.28
2026-09-30T00:30:00+08:00,356.41,541.0,0.6588,24.41,7.16,33.13
2026-09-30T00:45:00+08:00,317.78,490.4,0.648,24.13,7.15,32.84
2026-09-30T01:00:00+08:00,338.29,521.0,0.6493,24.09,7.21,33.1
2026-09-30T01:15:00+08:00,330.01,511.8,0.6448,23.5,7.29,32.78
2026-09-30T01:30:00+08:00,332.37,508.6,0.6535,23.52,7.22,32.85
2026-09-30T01:45:00+08:00,332.8,507.7,0.6555,23.54,7.2,32.9
2026-09-30T02:00:00+08:00,327.3,503.3,0.6503,23.03,7.27,32.71
2026-09-30T02:15:00+08:00,346.75,535.6,0.6474,23.82,7.27,33.01
2026-09-30T02:30:00+08:00,329.99,508.7,0.6487,23.81,7.17,33.2
2026-09-30T02:45:00+08:00,340.62,519.8,0.6553,24.09,7.1,32.97
2026-09-30T03:00:00+08:00,334.31,517.5,0.646,24.28,7.23,32.99
2026-09-30T03:15:00+08:00,338.53,517.0,0.6548,23.58,7.35,33.09
2026-09-30T03:30:00+08:00,338.34,520.2,0.6504,24.32,7.12,32.88
2026-09-30T03:45:00+08:00,346.1,524.0,0.6605,24.03,7.1,32.57
2026-09-30T04:00:00+08:00,344.58,517.0,0.6665,23.92,7.14,33.46
2026-09-30T04:15:00+08:00,337.01,512.8,0.6572,23.95,7.31,32.91
2026-09-30T04:30:00+08:00,332.14,504.0,0.659,23.74,7.15,32.43
2026-09-30T04:45:00+08:00,337.15,514.1,0.6558,23.55,7.18,33.09
2026-09-30T05:00:00+08:00,340.91,517.4,0.6589,24.01,7.2,33.04
2026-09-30T05:15:00+08:00,352.89,534.2,0.6606,23.88,7.22,32.65
2026-09-30T05:30:00+08:00,349.33,525.0,0.6654,24.14,7.15,32.8
2026-09-30T05:45:00+08:00,357.94,541.6,0.6609,23.88,7.24,33.12
2026-09-30T06:00:00+08:00,351.31,522.7,0.6721,24.27,7.05,32.79
2026-09-30T06:15:00+08:00,359.24,534.5,0.6721,24.32,7.36,32.91
2026-09-30T06:30:00+08:00,372.13,550.9,0.6755,24.86,7.25,33.0
2026-09-30T06:45:00+08:00,393.52,579.9,0.6786,24.65,7.25,33.25
2026-09-30T07:00:00+08:00,415.31,609.5,0.6814,24.81,7.31,33.01
2026-09-30T07:15:00+08:00,422.63,620.7,0.6809,24.08,7.13,32.86
2026-09-30T07:30:00+08:00,450.73,653.7,0.6895,24.9,7.31,32.73
2026-09-30T07:45:00+08:00,465.3,669.4,0.6951,24.73,7.2,33.14
2026-09-30T08:00:00+08:00,476.3,691.6,0.6887,25.42,7.11,32.74
2026-09-30T08:15:00+08:00,483.44,697.2,0.6934,25.17,7.26,33.02
2026-09-30T08:30:00+08:00,513.29,728.9,0.7042,25.0,7.03,32.87
2026-09-30T08:45:00+08:00,532.63,758.3,0.7024,24.93,7.25,33.05
2026-09-30T09:00:00+08:00,529.95,751.6,0.7051,25.48,7.21,33.1
2026-09-30T09:15:00+08:00,533.21,754.4,0.7068,25.67,7.18,32.84
2026-09-30T09:30:00+08:00,555.27,782.4,0.7097,25.61,7.21,33.0
2026-09-30T09:45:00+08:00,562.42,795.5,0.707,26.05,7.32,32.87
2026-09-30T10:00:00+08:00,554.7,777.0,0.7139,25.85,7.19,32.75
2026-09-30T10:15:00+08:00,573.35,807.2,0.7103,25.7,7.22,33.36
2026-09-30T10:30:00+08:00,608.48,845.0,0.7201,26.29,7.21,32.85
2026-09-30T10:45:00+08:00,609.24,837.1,0.7278,26.13,7.26,33.02
2026-09-30T11:00:00+08:00,599.33,830.9,0.7213,26.61,7.07,33.01
2026-09-30T11:15:00+08:00,607.95,835.9,0.7273,26.34,7.14,32.97
2026-09-30T11:30:00+08:00,610.8,839.7,0.7274,26.67,7.27,32.92
2026-09-30T11:45:00+08:00,623.99,863.9,0.7223,26.19,7.11,33.17
2026-09-30T12:00:00+08:00,612.04,844.2,0.725,26.47,7.15,32.69
2026-09-30T12:15:00+08:00,609.96,833.5,0.7318,26.95,7.24,32.96
2026-09-30T12:30:00+08:00,619.66,846.3,0.7322,26.9,7.17,33.1
2026-09-30T12:45:00+08:00,622.59,850.3,0.7322,27.55,7.22,32.88
2026-09-30T13:00:00+08:00,618.79,850.1,0.7279,27.18,7.18,33.22
2026-09-30T13:15:00+08:00,610.24,822.2,0.7422,27.58,7.27,33.16
2026-09-30T13:30:00+08:00,615.34,831.2,0.7403,27.29,7.27,33.39
2026-09-30T13:45:00+08:00,624.75,836.8,0.7466,27.3,7.05,32.6
2026-09-30T14:00:00+08:00,588.3,795.0,0.74,27.48,7.15,32.75
2026-09-30T14:15:00+08:00,584.15,792.6,0.737,27.79,7.1,32.79
2026-09-30T14:30:00+08:00,578.78,781.4,0.7407,27.1,7.25,33.06
2026-09-30T14:45:00+08:00,551.63,756.8,0.7289,26.94,7.27,32.89
2026-09-30T15:00:00+08:00,561.4,763.6,0.7352,27.22,7.08,32.97
2026-09-30T15:15:00+08:00,549.49,747.6,0.735,26.99,7.22,33.11
2026-09-30T15:30:00+08:00,523.86,713.7,0.734,27.52,7.03,32.79
2026-09-30T15:45:00+08:00,517.8,710.0,0.7293,27.47,7.36,33.1
2026-09-30T16:00:00+08:00,498.42,683.8,0.7289,27.45,7.14,33.02
2026-09-30T16:15:00+08:00,476.58,658.8,0.7234,27.17,7.14,33.15
2026-09-30T16:30:00+08:00,479.88,657.1,0.7303,27.12,7.16,32.88
2026-09-30T16:45:00+08:00,467.75,639.0,0.732,27.22,7.12,33.09
2026-09-30T17:00:00+08:00,451.03,623.4,0.7235,27.1,7.15,33.03
2026-09-30T17:15:00+08:00,413.12,573.3,0.7206,27.18,7.27,32.86
2026-09-30T17:30:00+08:00,404.39,559.4,0.7229,26.78,7.22,33.18
2026-09-30T17:45:00+08:00,400.72,556.4,0.7202,26.85,7.2,32.62
2026-09-30T18:00:00+08:00,383.81,537.1,0.7146,27.13,7.03,33.0
2026-09-30T18:15:00+08:00,370.65,522.7,0.7091,26.49,7.37,32.77
2026-09-30T18:30:00+08:00,382.27,537.5,0.7112,26.45,7.28,33.5
2026-09-30T18:45:00+08:00,362.63,515.1,0.704,26.67,7.18,32.82
2026-09-30T19:00:00+08:00,365.22,517.9,0.7052,26.28,7.16,33.12
2026-09-30T19:15:00+08:00,373.9,533.3,0.7011,26.04,7.16,33.1
2026-09-30T19:30:00+08:00,372.28,531.9,0.6999,26.34,7.2,33.34
2026-09-30T19:45:00+08:00,368.24,525.3,0.701,26.21,7.21,32.88
2026-09-30T20:00:00+08:00,355.26,511.6,0.6944,26.21,7.27,33.02
2026-09-30T20:15:00+08:00,349.2,504.7,0.6919,26.21,7.38,32.96
2026-09-30T20:30:00+08:00,354.28,514.5,0.6886,25.62,7.04,33.08
2026-09-30T20:45:00+08:00,355.02,514.3,0.6903,25.59,7.29,33.14
2026-09-30T21:00:00+08:00,363.52,536.4,0.6777,24.93,7.21,33.12
2026-09-30T21:15:00+08:00,351.51,518.6,0.6778,25.75,7.32,33.06
2026-09-30T21:30:00+08:00,352.96,521.9,0.6763,25.42,7.11,33.26
2026-09-30T21:45:00+08:00,348.67,510.8,0.6826,25.32,7.23,32.82
2026-09-30T22:00:00+08:00,342.72,510.0,0.672,25.57,7.02,33.19
2026-09-30T22:15:00+08:00,344.78,510.1,0.6759,25.16,7.26,33.05
2026-09-30T22:30:00+08:00,351.69,524.6,0.6704,25.17,7.17,33.07
2026-09-30T22:45:00+08:00,346.4,515.7,0.6717,25.04,7.33,32.7
2026-09-30T23:00:00+08:00,327.4,486.7,0.6727,24.44,7.44,32.89
2026-09-30T23:15:00+08:00,347.69,520.1,0.6685,24.54,7.27,33.28
2026-09-30T23:30:00+08:00,353.87,532.3,0.6648,24.79,7.18,33.37
2026-09-30T23:45:00+08:00,346.87,525.0,0.6607,23.96,7.17,32.83
2026-10-01T00:00:00+08:00,338.18,504.0,0.671,24.23,7.13,32.9
2026-10-01T00:15:00+08:00,343.5,521.8,0.6583,24.08,7.33,33.07
2026-10-01T00:30:00+08:00,342.16,522.3,0.6551,24.9,7.2,32.63
2026-10-01T00:45:00+08:00,343.12,510.6,0.672,24.22,7.23,33.28
2026-10-01T01:00:00+08:00,334.62,512.2,0.6533,24.31,7.27,32.75
2026-10-01T01:15:00+08:00,332.02,504.9,0.6576,23.7,7.28,33.3
2026-10-01T01:30:00+08:00,339.2,518.9,0.6537,23.52,7.31,33.04
2026-10-01T01:45:00+08:00,327.3,502.0,0.652,23.75,7.25,33.08
2026-10-01T02:00:00+08:00,333.02,506.8,0.6571,23.5,7.26,33.16
2026-10-01T02:15:00+08:00,347.15,523.6,0.663,23.13,7.36,33.34
2026-10-01T02:30:00+08:00,335.17,508.3,0.6594,24.03,7.29,33.18
2026-10-01T02:45:00+08:00,343.61,523.4,0.6565,23.96,7.19,33.03
2026-10-01T03:00:00+08:00,323.35,495.7,0.6523,23.66,7.23,33.38
2026-10-01T03:15:00+08:00,351.27,533.2,0.6588,24.08,7.28,33.29
2026-10-01T03:30:00+08:00,335.14,514.1,0.6519,23.56,7.31,32.93
2026-10-01T03:45:00+08:00,343.38,516.6,0.6647,24.19,7.36,33.33
2026-10-01T04:00:00+08:00,327.48,495.8,0.6605,23.7,7.11,33.11
2026-10-01T04:15:00+08:00,338.35,515.3,0.6566,23.91,7.34,32.91
2026-10-01T04:30:00+08:00,354.78,535.2,0.6629,24.11,7.3,33.2
2026-10-01T04:45:00+08:00,342.4,513.5,0.6668,24.26,7.38,32.82
2026-10-01T05:00:00+08:00,345.59,516.5,0.6691,24.37,7.27,32.93
2026-10-01T05:15:00+08:00,337.62,501.0,0.6739,23.54,7.17,33.28
2026-10-01T05:30:00+08:00,360.97,535.8,0.6737,24.77,7.19,32.88
2026-10-01T05:45:00+08:00,346.14,512.5,0.6754,24.05,7.16,33.11
2026-10-01T06:00:00+08:00,347.62,515.3,0.6746,24.54,7.53,32.87
2026-10-01T06:15:00+08:00,380.21,553.2,0.6873,23.8,7.2,32.91
2026-10-01T06:30:00+08:00,387.24,564.9,0.6855,24.65,7.24,33.1
2026-10-01T06:45:00+08:00,413.87,605.6,0.6834,24.38,7.25,33.4
2026-10-01T07:00:00+08:00,409.25,594.5,0.6884,24.5,7.22,33.27
2026-10-01T07:15:00+08:00,426.02,618.5,0.6888,24.52,7.16,33.11
2026-10-01T07:30:00+08:00,454.08,652.7,0.6957,24.43,7.3,32.66
2026-10-01T07:45:00+08:00,464.12,663.6,0.6994,24.77,7.22,33.13
2026-10-01T08:00:00+08:00,478.23,679.6,0.7037,25.35,7.15,33.29
2026-10-01T08:15:00+08:00,477.31,684.8,0.697,25.66,7.29,33.21
2026-10-01T08:30:00+08:00,498.19,711.3,0.7004,25.17,7.35,33.33
2026-10-01T08:45:00+08:00,523.17,738.1,0.7088,25.51,7.25,33.09
2026-10-01T09:00:00+08:00,535.28,756.9,0.7072,25.75,7.31,33.24
2026-10-01T09:15:00+08:00,544.97,770.6,0.7072,25.94,7.35,32.81
2026-10-01T09:30:00+08:00,574.61,800.4,0.7179,25.65,7.22,32.79
2026-10-01T09:45:00+08:00,565.22,782.2,0.7226,25.58,7.23,32.89
2026-10-01T10:00:00+08:00,565.93,783.4,0.7224,26.02,7.25,32.76
2026-10-01T10:15:00+08:00,578.81,801.9,0.7218,26.03,7.32,32.83
2026-10-01T10:30:00+08:00,601.74,836.1,0.7197,26.33,7.31,33.14
2026-10-01T10:45:00+08:00,596.66,817.9,0.7295,26.53,7.22,33.24
2026-10-01T11:00:00+08:00,618.37,845.0,0.7318,26.61,7.29,33.17
2026-10-01T11:15:00+08:00,613.22,835.9,0.7336,26.8,7.3,33.05
2026-10-01T11:30:00+08:00,616.15,851.5,0.7236,26.58,7.3,33.39
2026-10-01T11:45:00+08:00,609.66,832.3,0.7325,27.04,7.23,32.76
2026-10-01T12:00:00+08:00,623.66,846.9,0.7364,26.97,7.14,33.03
2026-10-01T12:15:00+08:00,649.41,875.8,0.7415,26.38,7.08,33.3
2026-10-01T12:30:00+08:00,620.86,841.5,0.7378,26.89,7.22,33.08
2026-10-01T12:45:00+08:00,628.94,844.9,0.7444,26.85,7.24,33.26
2026-10-01T13:00:00+08:00,609.77,823.9,0.7401,26.89,7.34,33.26
2026-10-01T13:15:00+08:00,609.26,817.8,0.745,26.76,7.22,32.96
2026-10-01T13:30:00+08:00,616.6,831.0,0.742,27.95,7.16,33.12
2026-10-01T13:45:00+08:00,624.32,836.0,0.7468,27.26,7.26,32.96
2026-10-01T14:00:00+08:00,599.58,803.4,0.7463,27.18,7.38,33.08
2026-10-01T14:15:00+08:00,583.18,782.9,0.7449,27.26,7.17,33.1
2026-10-01T14:30:00+08:00,570.77,768.3,0.7429,27.57,7.29,32.71
2026-10-01T14:45:00+08:00,564.5,767.3,0.7357,27.16,7.31,33.06
2026-10-01T15:00:00+08:00,574.08,771.2,0.7444,27.23,7.19,32.9
2026-10-01T15:15:00+08:00,563.87,758.4,0.7435,27.09,7.3,32.53
2026-10-01T15:30:00+08:00,533.89,717.4,0.7442,26.97,7.31,33.42
2026-10-01T15:45:00+08:00,517.3,698.2,0.7409,27.39,7.31,33.01
2026-10-01T16:00:00+08:00,518.14,701.8,0.7383,27.78,7.29,32.89
2026-10-01T16:15:00+08:00,492.91,666.9,0.7391,27.43,7.3,33.24
2026-10-01T16:30:00+08:00,470.53,640.7,0.7344,27.15,7.38,33.11
2026-10-01T16:45:00+08:00,454.08,621.6,0.7305,27.02,7.3,32.75
2026-10-01T17:00:00+08:00,434.04,595.8,0.7285,27.13,7.29,33.21
2026-10-01T17:15:00+08:00,428.8,586.6,0.731,27.35,7.25,33.51
2026-10-01T17:30:00+08:00,400.28,549.0,0.7291,26.98,7.19,32.82
2026-10-01T17:45:00+08:00,390.62,540.2,0.7231,26.62,7.2,33.31
2026-10-01T18:00:00+08:00,366.85,510.3,0.7189,26.31,7.29,32.72
2026-10-01T18:15:00+08:00,367.57,509.8,0.721,26.63,7.23,33.05
2026-10-01T18:30:00+08:00,384.98,533.8,0.7212,26.06,7.28,32.93
2026-10-01T18:45:00+08:00,359.45,499.3,0.7199,26.71,7.32,33.29
2026-10-01T19:00:00+08:00,365.16,510.0,0.716,26.33,7.24,33.31
2026-10-01T19:15:00+08:00,363.38,513.4,0.7078,26.57,7.3,33.2
2026-10-01T19:30:00+08:00,365.9,521.0,0.7023,25.93,7.2,33.41
2026-10-01T19:45:00+08:00,364.95,519.2,0.7029,26.46,7.21,32.85
2026-10-01T20:00:00+08:00,371.9,524.4,0.7092,26.38,7.36,33.0
2026-10-01T20:15:00+08:00,368.85,527.6,0.6991,25.83,7.13,33.26
2026-10-01T20:30:00+08:00,378.39,542.1,0.698,26.18,7.37,32.77
2026-10-01T20:45:00+08:00,364.31,528.6,0.6892,25.96,7.12,33.23
2026-10-01T21:00:00+08:00,348.5,502.3,0.6938,25.18,7.33,32.85
2026-10-01T21:15:00+08:00,369.96,533.7,0.6932,25.11,7.33,33.3
2026-10-01T21:30:00+08:00,348.76,511.6,0.6817,25.01,7.09,32.94
2026-10-01T21:45:00+08:00,354.98,520.8,0.6816,24.96,7.26,32.86
2026-10-01T22:00:00+08:00,355.09,518.3,0.6851,25.16,7.27,32.83
2026-10-01T22:15:00+08:00,351.5,515.1,0.6824,24.85,7.4,33.07
2026-10-01T22:30:00+08:00,357.73,525.3,0.681,24.98,7.29,33.01
2026-10-01T22:45:00+08:00,346.33,512.7,0.6755,25.05,7.38,32.88
2026-10-01T23:00:00+08:00,352.22,520.8,0.6763,24.65,7.35,33.09
2026-10-01T23:15:00+08:00,355.8,524.7,0.6781,24.19,7.33,33.19
2026-10-01T23:30:00+08:00,337.91,507.6,0.6657,24.1,7.15,32.79
2026-10-01T23:45:00+08:00,330.08,492.0,0.6709,25.05,7.14,33.12
2026-10-02T00:00:00+08:00,344.59,518.8,0.6642,24.62,7.2,33.09
2026-10-02T00:15:00+08:00,343.08,515.6,0.6654,24.32,7.2,33.34
2026-10-02T00:30:00+08:00,333.0,508.4,0.655,24.37,7.1,32.82
2026-10-02T00:45:00+08:00,340.26,511.9,0.6647,24.4,7.38,33.56
2026-10-02T01:00:00+08:00,350.73,531.9,0.6594,24.34,7.29,32.7
2026-10-02T01:15:00+08:00,349.73,528.3,0.662,24.05,7.17,33.02
2026-10-02T01:30:00+08:00,343.88,521.9,0.6589,24.14,7.34,33.02
2026-10-02T01:45:00+08:00,340.3,508.9,0.6687,24.0,7.19,33.32
2026-10-02T02:00:00+08:00,334.15,504.6,0.6622,23.29,7.34,33.14
2026-10-02T02:15:00+08:00,336.8,507.0,0.6643,23.34,7.26,33.15
2026-10-02T02:30:00+08:00,349.96,528.8,0.6618,24.15,7.29,33.01
2026-10-02T02:45:00+08:00,333.38,507.2,0.6573,23.63,7.24,33.36
2026-10-02T03:00:00+08:00,355.2,533.5,0.6658,23.96,7.22,33.15
2026-10-02T03:15:00+08:00,351.79,529.8,0.664,23.73,7.16,32.98
2026-10-02T03:30:00+08:00,349.63,522.7,0.6689,23.97,7.25,33.06
2026-10-02T03:45:00+08:00,331.95,502.2,0.661,23.19,7.25,33.37
2026-10-02T04:00:00+08:00,327.83,492.9,0.6651,23.37,7.21,32.86
2026-10-02T04:15:00+08:00,348.35,519.7,0.6703,23.58,7.11,33.01
2026-10-02T04:30:00+08:00,335.66,499.5,0.672,23.85,7.21,33.79
2026-10-02T04:45:00+08:00,338.74,507.7,0.6672,23.54,7.31,33.1
2026-10-02T05:00:00+08:00,348.4,517.6,0.6731,24.07,7.2,33.46
2026-10-02T05:15:00+08:00,349.29,512.6,0.6814,24.0,7.33,33.24
2026-10-02T05:30:00+08:00,348.5,515.3,0.6763,23.95,7.31,33.13
2026-10-02T05:45:00+08:00,352.88,519.7,0.679,23.92,7.23,33.33
2026-10-02T06:00:00+08:00,369.02,535.9,0.6886,24.54,7.18,33.15
2026-10-02T06:15:00+08:00,373.05,544.2,0.6855,24.86,7.24,33.06
2026-10-02T06:30:00+08:00,389.44,562.7,0.6921,24.3,7.32,33.07
2026-10-02T06:45:00+08:00,407.76,589.0,0.6923,24.87,7.35,33.36
2026-10-02T07:00:00+08:00,438.04,623.9,0.7021,24.3,7.33,33.1
2026-10-02T07:15:00+08:00,436.68,622.4,0.7016,24.26,7.23,33.11
2026-10-02T07:30:00+08:00,446.1,640.4,0.6966,24.94,7.16,33.34
2026-10-02T07:45:00+08:00,470.67,668.0,0.7046,25.36,7.17,33.37
2026-10-02T08:00:00+08:00,491.52,691.4,0.7109,24.55,7.19,33.48
2026-10-02T08:15:00+08:00,489.32,688.7,0.7105,24.62,7.29,33.19
2026-10-02T08:30:00+08:00,521.46,732.9,0.7115,25.69,7.27,33.02
2026-10-02T08:45:00+08:00,506.51,708.7,0.7147,25.51,7.29,32.85
2026-10-02T09:00:00+08:00,546.5,765.4,0.714,25.48,7.21,32.97
2026-10-02T09:15:00+08:00,557.99,775.2,0.7198,25.65,7.41,32.85
2026-10-02T09:30:00+08:00,548.19,761.9,0.7195,25.57,7.26,33.35
2026-10-02T09:45:00+08:00,579.34,790.8,0.7326,25.9,7.37,33.18
2026-10-02T10:00:00+08:00,595.76,815.1,0.7309,25.98,7.34,33.21
2026-10-02T10:15:00+08:00,592.24,816.1,0.7257,26.08,7.25,33.23
2026-10-02T10:30:00+08:00,630.62,853.8,0.7386,26.33,7.25,32.53
2026-10-02T10:45:00+08:00,611.28,835.2,0.7319,26.75,7.17,32.99
2026-10-02T11:00:00+08:00,607.78,832.8,0.7298,26.83,7.2,33.18
2026-10-02T11:15:00+08:00,637.09,862.8,0.7384,26.44,7.25,32.82
2026-10-02T11:30:00+08:00,643.52,863.9,0.7449,26.73,7.4,33.34
2026-10-02T11:45:00+08:00,638.55,858.5,0.7438,27.05,7.16,33.4
2026-10-02T12:00:00+08:00,637.51,861.5,0.74,27.07,7.3,33.22
2026-10-02T12:15:00+08:00,647.72,863.4,0.7502,26.48,7.3,33.21
2026-10-02T12:30:00+08:00,630.05,848.1,0.7429,27.15,7.23,32.98
2026-10-02T12:45:00+08:00,645.25,857.7,0.7523,27.16,7.37,33.03
2026-10-02T13:00:00+08:00,613.67,827.6,0.7415,27.46,7.3,33.36
2026-10-02T13:15:00+08:00,612.68,820.3,0.7469,26.94,7.34,33.48
2026-10-02T13:30:00+08:00,607.48,810.3,0.7497,27.29,7.38,33.26
2026-10-02T13:45:00+08:00,624.18,827.5,0.7543,26.94,7.42,33.04
2026-10-02T14:00:00+08:00,611.77,815.8,0.7499,27.07,7.24,33.03
2026-10-02T14:15:00+08:00,579.06,772.8,0.7493,27.54,7.24,33.07
2026-10-02T14:30:00+08:00,604.31,805.1,0.7506,26.87,7.33,33.04
2026-10-02T14:45:00+08:00,597.79,801.0,0.7463,27.7,7.3,33.09
2026-10-02T15:00:00+08:00,575.99,774.8,0.7434,27.4,7.3,33.21
2026-10-02T15:15:00+08:00,561.9,750.9,0.7483,27.66,7.4,33.2
2026-10-02T15:30:00+08:00,529.22,709.6,0.7458,26.95,7.46,33.05
2026-10-02T15:45:00+08:00,527.01,703.8,0.7488,27.48,7.43,33.32
2026-10-02T16:00:00+08:00,506.86,684.3,0.7407,26.99,7.24,33.1
2026-10-02T16:15:00+08:00,500.76,671.8,0.7454,27.22,7.29,33.21
2026-10-02T16:30:00+08:00,475.02,641.4,0.7406,27.13,7.31,33.05
2026-10-02T16:45:00+08:00,461.78,623.6,0.7405,26.86,7.34,33.22
2026-10-02T17:00:00+08:00,437.88,598.2,0.732,26.87,7.24,33.24
2026-10-02T17:15:00+08:00,425.33,579.0,0.7346,27.06,7.26,33.78
2026-10-02T17:30:00+08:00,410.06,562.5,0.729,27.15,7.3,33.39
2026-10-02T17:45:00+08:00,390.49,539.2,0.7242,26.81,7.35,32.93
2026-10-02T18:00:00+08:00,370.03,507.1,0.7297,26.7,7.25,33.43
2026-10-02T18:15:00+08:00,371.07,508.1,0.7303,26.88,7.22,33.0
2026-10-02T18:30:00+08:00,375.8,519.2,0.7238,26.83,7.16,33.24
2026-10-02T18:45:00+08:00,362.23,503.3,0.7197,26.73,7.39,33.24
2026-10-02T19:00:00+08:00,388.63,537.0,0.7237,26.23,7.27,33.42
2026-10-02T19:15:00+08:00,386.22,535.6,0.7211,26.34,7.26,33.21
2026-10-02T19:30:00+08:00,372.37,520.0,0.7161,26.27,7.14,33.08
2026-10-02T19:45:00+08:00,363.45,510.1,0.7125,25.82,7.45,33.41
2026-10-02T20:00:00+08:00,355.09,509.6,0.6968,25.63,7.39,33.24
2026-10-02T20:15:00+08:00,359.57,511.7,0.7027,26.16,7.24,33.22
2026-10-02T20:30:00+08:00,368.46,523.9,0.7033,25.66,7.3,32.58
2026-10-02T20:45:00+08:00,363.73,522.3,0.6964,25.75,7.31,32.98
2026-10-02T21:00:00+08:00,354.1,512.0,0.6916,25.61,7.37,33.48
2026-10-02T21:15:00+08:00,361.5,521.5,0.6932,25.3,7.43,33.38
2026-10-02T21:30:00+08:00,358.99,515.5,0.6964,25.57,7.3,33.07
2026-10-02T21:45:00+08:00,369.86,536.5,0.6894,24.71,7.38,33.26
2026-10-02T22:00:00+08:00,366.92,536.2,0.6843,24.75,7.3,33.12
2026-10-02T22:15:00+08:00,353.93,518.2,0.683,24.84,7.17,33.15
2026-10-02T22:30:00+08:00,354.3,516.1,0.6865,25.27,7.33,32.97
2026-10-02T22:45:00+08:00,345.39,504.0,0.6853,25.0,7.34,33.12
2026-10-02T23:00:00+08:00,348.04,519.7,0.6697,24.81,7.29,32.66
2026-10-02T23:15:00+08:00,358.32,529.2,0.6771,24.56,7.22,33.28
2026-10-02T23:30:00+08:00,344.85,513.7,0.6713,24.78,7.22,33.21
2026-10-02T23:45:00+08:00,333.29,492.3,0.677,24.89,7.3,33.24
